timestamp,humedad_suelo_pct,temperatura_C,bomba_activa
2026-08-17 00:00:00,62.0,12.36,0
2026-08-17 00:30:00,61.97,10.3,0
2026-08-17 01:00:00,61.88,9.5,0
2026-08-17 01:30:00,61.33,8.92,0
2026-08-17 02:00:00,61.11,9.36,0
2026-08-17 02:30:00,60.77,9.54,0
2026-08-17 03:00:00,60.5,9.45,0
2026-08-17 03:30:00,60.25,9.05,0
2026-08-17 04:00:00,60.06,9.24,0
2026-08-17 04:30:00,59.93,10.05,0
2026-08-17 05:00:00,59.5,10.65,0
2026-08-17 05:30:00,59.29,8.61,0
2026-08-17 06:00:00,59.23,10.87,0
2026-08-17 06:30:00,59.08,13.13,0
2026-08-17 07:00:00,58.95,12.69,0
2026-08-17 07:30:00,58.95,13.58,0
2026-08-17 08:00:00,58.64,13.46,0
2026-08-17 08:30:00,58.27,14.13,0
2026-08-17 09:00:00,58.08,15.77,0
2026-08-17 09:30:00,57.62,16.23,0
2026-08-17 10:00:00,57.54,16.07,0
2026-08-17 10:30:00,57.3,20.05,0
2026-08-17 11:00:00,56.64,19.81,0
2026-08-17 11:30:00,56.12,20.81,0
2026-08-17 12:00:00,55.88,20.79,0
2026-08-17 12:30:00,55.45,20.65,0
2026-08-17 13:00:00,55.15,20.85,0
2026-08-17 13:30:00,54.59,23.14,0
2026-08-17 14:00:00,54.19,22.78,0
2026-08-17 14:30:00,53.73,23.52,0
2026-08-17 15:00:00,53.18,24.16,0
2026-08-17 15:30:00,52.67,22.27,0
2026-08-17 16:00:00,51.87,24.44,0
2026-08-17 16:30:00,51.44,23.23,0
2026-08-17 17:00:00,50.91,22.62,0
2026-08-17 17:30:00,50.58,21.43,0
2026-08-17 18:00:00,50.16,21.97,0
2026-08-17 18:30:00,49.69,20.96,0
2026-08-17 19:00:00,49.07,19.56,0
2026-08-17 19:30:00,48.68,18.34,0
2026-08-17 20:00:00,48.41,17.29,0
2026-08-17 20:30:00,48.02,17.1,0
2026-08-17 21:00:00,47.58,17.62,0
2026-08-17 21:30:00,47.26,17.1,0
2026-08-17 22:00:00,46.94,13.65,0
2026-08-17 22:30:00,46.75,14.09,0
2026-08-17 23:00:00,46.7,11.52,0
2026-08-17 23:30:00,46.3,11.0,0
2026-08-18 00:00:00,45.91,10.35,0
2026-08-18 00:30:00,45.67,11.32,0
2026-08-18 01:00:00,45.38,8.8,0
2026-08-18 01:30:00,45.16,9.08,0
2026-08-18 02:00:00,44.61,10.84,0
2026-08-18 02:30:00,44.71,9.92,0
2026-08-18 03:00:00,44.3,8.29,0
2026-08-18 03:30:00,44.21,9.33,0
2026-08-18 04:00:00,44.01,9.61,0
2026-08-18 04:30:00,43.79,8.71,0
2026-08-18 05:00:00,43.81,10.25,0
2026-08-18 05:30:00,43.4,10.04,0
2026-08-18 06:00:00,43.1,11.12,0
2026-08-18 06:30:00,42.89,11.45,0
2026-08-18 07:00:00,42.63,12.03,0
2026-08-18 07:30:00,42.43,14.45,0
2026-08-18 08:00:00,42.37,14.01,0
2026-08-18 08:30:00,42.38,15.45,0
2026-08-18 09:00:00,42.02,16.73,0
2026-08-18 09:30:00,41.61,17.07,0
2026-08-18 10:00:00,41.37,17.84,0
2026-08-18 10:30:00,40.83,19.5,0
2026-08-18 11:00:00,40.31,20.31,0
2026-08-18 11:30:00,40.11,18.38,0
2026-08-18 12:00:00,39.7,21.12,0
2026-08-18 12:30:00,39.14,22.51,0
2026-08-18 13:00:00,38.67,21.48,0
2026-08-18 13:30:00,37.82,22.67,0
2026-08-18 14:00:00,37.71,22.02,0
2026-08-18 14:30:00,37.35,22.7,0
2026-08-18 15:00:00,36.69,25.02,0
2026-08-18 15:30:00,36.35,22.32,0
2026-08-18 16:00:00,35.89,22.72,0
2026-08-18 16:30:00,35.28,22.63,0
2026-08-18 17:00:00,34.69,21.54,0
2026-08-18 17:30:00,34.58,21.27,0
2026-08-18 18:00:00,34.25,20.61,0
2026-08-18 18:30:00,33.94,21.22,0
2026-08-18 19:00:00,33.9,19.65,0
2026-08-18 19:30:00,33.52,18.18,0
2026-08-18 20:00:00,33.01,18.95,0
2026-08-18 20:30:00,32.7,16.88,0
2026-08-18 21:00:00,32.24,16.67,0
2026-08-18 21:30:00,31.98,15.56,0
2026-08-18 22:00:00,31.78,13.23,0
2026-08-18 22:30:00,31.47,12.85,0
2026-08-18 23:00:00,31.23,11.42,0
2026-08-18 23:30:00,30.94,10.99,0
2026-08-19 00:00:00,30.57,11.0,0
2026-08-19 00:30:00,30.02,12.2,0
2026-08-19 01:00:00,72.24,9.27,1
2026-08-19 01:30:00,71.91,10.76,0
2026-08-19 02:00:00,71.79,10.86,0
2026-08-19 02:30:00,71.37,8.48,0
2026-08-19 03:00:00,71.07,10.37,0
2026-08-19 03:30:00,70.77,8.83,0
2026-08-19 04:00:00,70.85,8.3,0
2026-08-19 04:30:00,70.67,9.79,0
2026-08-19 05:00:00,70.21,9.64,0
2026-08-19 05:30:00,69.97,10.81,0
2026-08-19 06:00:00,69.95,11.13,0
2026-08-19 06:30:00,69.86,11.46,0
2026-08-19 07:00:00,69.45,11.63,0
2026-08-19 07:30:00,69.19,12.98,0
2026-08-19 08:00:00,68.89,14.41,0
2026-08-19 08:30:00,68.47,16.03,0
2026-08-19 09:00:00,68.3,16.91,0
2026-08-19 09:30:00,67.98,18.48,0
2026-08-19 10:00:00,67.83,17.91,0
2026-08-19 10:30:00,67.44,18.69,0
2026-08-19 11:00:00,66.95,19.85,0
2026-08-19 11:30:00,66.18,21.76,0
2026-08-19 12:00:00,65.83,22.11,0
2026-08-19 12:30:00,65.27,22.06,0
2026-08-19 13:00:00,64.59,21.71,0
2026-08-19 13:30:00,63.95,22.05,0
2026-08-19 14:00:00,63.36,23.97,0
2026-08-19 14:30:00,62.64,22.34,0
2026-08-19 15:00:00,62.0,23.49,0
2026-08-19 15:30:00,61.86,23.43,0
2026-08-19 16:00:00,61.41,23.47,0
2026-08-19 16:30:00,60.7,23.01,0
2026-08-19 17:00:00,60.27,23.34,0
2026-08-19 17:30:00,59.64,22.43,0
2026-08-19 18:00:00,59.38,21.4,0
2026-08-19 18:30:00,58.69,19.8,0
2026-08-19 19:00:00,58.43,18.97,0
2026-08-19 19:30:00,58.01,20.12,0
2026-08-19 20:00:00,57.65,19.49,0
2026-08-19 20:30:00,57.29,16.4,0
2026-08-19 21:00:00,57.01,14.61,0
2026-08-19 21:30:00,56.79,15.58,0
2026-08-19 22:00:00,56.72,13.93,0
2026-08-19 22:30:00,56.39,14.12,0
2026-08-19 23:00:00,56.08,14.19,0
2026-08-19 23:30:00,55.89,13.52,0
2026-08-20 00:00:00,55.96,10.92,0
2026-08-20 00:30:00,55.75,10.47,0
2026-08-20 01:00:00,55.61,11.15,0
2026-08-20 01:30:00,55.59,11.71,0
2026-08-20 02:00:00,55.22,8.91,0
2026-08-20 02:30:00,54.92,7.57,0
2026-08-20 03:00:00,54.91,9.86,0
2026-08-20 03:30:00,54.67,8.71,0
2026-08-20 04:00:00,54.54,8.55,0
2026-08-20 04:30:00,54.35,9.82,0
2026-08-20 05:00:00,54.3,11.35,0
2026-08-20 05:30:00,54.02,10.29,0
2026-08-20 06:00:00,53.9,11.85,0
2026-08-20 06:30:00,53.67,12.04,0
2026-08-20 07:00:00,53.48,13.6,0
2026-08-20 07:30:00,53.17,14.38,0
2026-08-20 08:00:00,52.85,15.85,0
2026-08-20 08:30:00,52.6,16.19,0
2026-08-20 09:00:00,52.68,15.87,0
2026-08-20 09:30:00,52.45,15.07,0
2026-08-20 10:00:00,52.22,18.22,0
2026-08-20 10:30:00,52.01,18.94,0
2026-08-20 11:00:00,51.5,19.94,0
2026-08-20 11:30:00,51.09,20.97,0
2026-08-20 12:00:00,50.49,22.0,0
2026-08-20 12:30:00,50.17,22.21,0
2026-08-20 13:00:00,49.81,20.75,0
2026-08-20 13:30:00,49.22,22.04,0
2026-08-20 14:00:00,48.46,23.46,0
2026-08-20 14:30:00,48.13,22.55,0
2026-08-20 15:00:00,47.45,23.74,0
2026-08-20 15:30:00,47.13,23.52,0
2026-08-20 16:00:00,46.52,23.05,0
2026-08-20 16:30:00,46.23,23.69,0
2026-08-20 17:00:00,45.66,23.38,0
2026-08-20 17:30:00,45.24,21.39,0
2026-08-20 18:00:00,44.48,22.84,0
2026-08-20 18:30:00,43.97,21.1,0
2026-08-20 19:00:00,43.7,19.67,0
2026-08-20 19:30:00,43.35,18.63,0
2026-08-20 20:00:00,43.22,17.44,0
2026-08-20 20:30:00,43.15,17.5,0
2026-08-20 21:00:00,42.74,14.87,0
2026-08-20 21:30:00,42.49,15.79,0
2026-08-20 22:00:00,42.07,14.51,0
2026-08-20 22:30:00,41.7,11.88,0
2026-08-20 23:00:00,41.23,12.44,0
2026-08-20 23:30:00,41.08,11.9,0
2026-08-21 00:00:00,40.76,10.73,0
2026-08-21 00:30:00,40.4,10.23,0
2026-08-21 01:00:00,40.05,11.44,0
2026-08-21 01:30:00,39.94,9.85,0
2026-08-21 02:00:00,39.64,9.22,0
2026-08-21 02:30:00,39.45,8.98,0
2026-08-21 03:00:00,39.36,8.64,0
2026-08-21 03:30:00,39.08,10.06,0
2026-08-21 04:00:00,38.92,10.36,0
2026-08-21 04:30:00,38.56,9.34,0
2026-08-21 05:00:00,38.28,10.71,0
2026-08-21 05:30:00,38.25,11.93,0
2026-08-21 06:00:00,37.93,12.52,0
2026-08-21 06:30:00,37.74,10.81,0
2026-08-21 07:00:00,37.62,12.97,0
2026-08-21 07:30:00,37.51,14.26,0
2026-08-21 08:00:00,37.48,14.87,0
2026-08-21 08:30:00,37.28,15.25,0
2026-08-21 09:00:00,37.06,15.82,0
2026-08-21 09:30:00,37.02,16.32,0
2026-08-21 10:00:00,36.81,19.21,0
2026-08-21 10:30:00,36.48,18.48,0
2026-08-21 11:00:00,36.16,19.55,0
2026-08-21 11:30:00,35.71,21.33,0
2026-08-21 12:00:00,35.05,21.38,0
2026-08-21 12:30:00,34.5,22.78,0
2026-08-21 13:00:00,33.81,23.27,0
2026-08-21 13:30:00,33.16,24.26,0
2026-08-21 14:00:00,32.51,23.33,0
2026-08-21 14:30:00,31.98,22.28,0
2026-08-21 15:00:00,31.59,23.67,0
2026-08-21 15:30:00,30.99,22.71,0
2026-08-21 16:00:00,30.52,23.59,0
2026-08-21 16:30:00,30.13,21.26,0
2026-08-21 17:00:00,76.93,22.72,1
2026-08-21 17:30:00,76.79,22.14,0
2026-08-21 18:00:00,76.37,20.91,0
2026-08-21 18:30:00,76.0,20.39,0
2026-08-21 19:00:00,75.52,20.76,0
2026-08-21 19:30:00,75.1,19.15,0
2026-08-21 20:00:00,74.8,18.98,0
2026-08-21 20:30:00,74.59,17.17,0
2026-08-21 21:00:00,74.5,17.85,0
2026-08-21 21:30:00,74.56,15.61,0
2026-08-21 22:00:00,74.25,15.46,0
2026-08-21 22:30:00,74.1,13.35,0
2026-08-21 23:00:00,73.84,13.11,0
2026-08-21 23:30:00,73.64,12.85,0
2026-08-22 00:00:00,73.22,11.84,0
2026-08-22 00:30:00,73.25,10.91,0
2026-08-22 01:00:00,73.17,11.07,0
2026-08-22 01:30:00,72.97,10.02,0
2026-08-22 02:00:00,72.79,9.62,0
2026-08-22 02:30:00,72.66,10.82,0
2026-08-22 03:00:00,72.43,8.24,0
2026-08-22 03:30:00,72.15,9.26,0
2026-08-22 04:00:00,71.91,9.05,0
2026-08-22 04:30:00,71.44,9.89,0
2026-08-22 05:00:00,71.31,10.12,0
2026-08-22 05:30:00,71.15,10.37,0
2026-08-22 06:00:00,70.94,11.72,0
2026-08-22 06:30:00,70.92,11.66,0
2026-08-22 07:00:00,70.69,11.77,0
2026-08-22 07:30:00,70.54,14.06,0
2026-08-22 08:00:00,70.36,14.24,0
2026-08-22 08:30:00,70.02,14.44,0
2026-08-22 09:00:00,70.05,16.22,0
2026-08-22 09:30:00,69.7,17.78,0
2026-08-22 10:00:00,69.15,18.07,0
2026-08-22 10:30:00,68.63,18.9,0
2026-08-22 11:00:00,68.01,20.74,0
2026-08-22 11:30:00,,20.68,0
2026-08-22 12:00:00,67.51,20.73,0
2026-08-22 12:30:00,67.18,22.16,0
2026-08-22 13:00:00,,22.18,0
2026-08-22 13:30:00,66.2,23.0,0
2026-08-22 14:00:00,65.83,23.66,0
2026-08-22 14:30:00,65.34,23.82,0
2026-08-22 15:00:00,64.6,24.56,0
2026-08-22 15:30:00,64.22,22.68,0
2026-08-22 16:00:00,63.56,23.12,0
2026-08-22 16:30:00,63.32,23.39,0
2026-08-22 17:00:00,62.98,22.56,0
2026-08-22 17:30:00,62.27,23.49,0
2026-08-22 18:00:00,61.86,21.27,0
2026-08-22 18:30:00,61.47,21.38,0
2026-08-22 19:00:00,61.2,20.01,0
2026-08-22 19:30:00,135.10433937049143,19.97,0
2026-08-22 20:00:00,60.15,19.64,0
2026-08-22 20:30:00,59.86,16.76,0
2026-08-22 21:00:00,59.53,16.91,0
2026-08-22 21:30:00,59.44,15.14,0
2026-08-22 22:00:00,59.07,14.71,0
2026-08-22 22:30:00,58.82,13.9,0
2026-08-22 23:00:00,58.45,13.99,0
2026-08-22 23:30:00,58.06,10.75,0
2026-08-23 00:00:00,57.79,10.96,0
2026-08-23 00:30:00,159.61377716572522,11.87,0
2026-08-23 01:00:00,56.91,9.33,0
2026-08-23 01:30:00,56.57,9.55,0
2026-08-23 02:00:00,56.38,10.56,0
2026-08-23 02:30:00,56.31,10.13,0
2026-08-23 03:00:00,55.93,9.7,0
2026-08-23 03:30:00,55.91,9.95,0
2026-08-23 04:00:00,55.8,11.24,0
2026-08-23 04:30:00,55.5,9.17,0
2026-08-23 05:00:00,55.13,10.87,0
2026-08-23 05:30:00,54.83,11.38,0
2026-08-23 06:00:00,54.66,12.5,0
2026-08-23 06:30:00,54.35,12.75,0
2026-08-23 07:00:00,54.29,13.91,0
2026-08-23 07:30:00,53.96,13.12,0
2026-08-23 08:00:00,53.95,13.78,0
2026-08-23 08:30:00,53.81,14.95,0
2026-08-23 09:00:00,53.59,15.81,0
2026-08-23 09:30:00,53.2,17.97,0
2026-08-23 10:00:00,53.19,18.58,0
2026-08-23 10:30:00,52.87,18.3,0
2026-08-23 11:00:00,52.14,18.01,0
2026-08-23 11:30:00,51.82,19.59,0
2026-08-23 12:00:00,51.38,21.32,0
2026-08-23 12:30:00,51.07,21.89,0
2026-08-23 13:00:00,50.5,22.28,0
2026-08-23 13:30:00,49.73,22.62,0
2026-08-23 14:00:00,49.26,22.18,0
2026-08-23 14:30:00,48.99,22.19,0
2026-08-23 15:00:00,48.33,23.91,0
2026-08-23 15:30:00,47.8,24.74,0
2026-08-23 16:00:00,47.32,22.66,0
2026-08-23 16:30:00,46.83,24.14,0
2026-08-23 17:00:00,46.7,21.52,0
2026-08-23 17:30:00,46.27,22.21,0
2026-08-23 18:00:00,45.64,21.37,0
2026-08-23 18:30:00,45.33,20.4,0
2026-08-23 19:00:00,44.93,20.56,0
2026-08-23 19:30:00,44.57,19.18,0
2026-08-23 20:00:00,44.06,18.82,0
2026-08-23 20:30:00,43.76,17.55,0
2026-08-23 21:00:00,141.57969917479735,15.66,0
2026-08-23 21:30:00,43.08,17.31,0
2026-08-23 22:00:00,42.81,16.23,0
2026-08-23 22:30:00,175.99662666974638,13.91,0
2026-08-23 23:00:00,42.43,12.86,0
2026-08-23 23:30:00,42.27,12.93,0
2026-08-24 00:00:00,42.23,10.37,0
2026-08-24 00:30:00,41.93,10.82,0
2026-08-24 01:00:00,41.48,11.35,0
2026-08-24 01:30:00,41.23,9.56,0
2026-08-24 02:00:00,40.84,10.85,0
2026-08-24 02:30:00,40.69,10.58,0
2026-08-24 03:00:00,40.46,10.22,0
2026-08-24 03:30:00,40.32,9.18,0
2026-08-24 04:00:00,40.13,9.42,0
2026-08-24 04:30:00,39.8,11.19,0
2026-08-24 05:00:00,39.53,9.82,0
2026-08-24 05:30:00,39.34,10.83,0
2026-08-24 06:00:00,39.26,12.55,0
2026-08-24 06:30:00,38.85,12.92,0
2026-08-24 07:00:00,38.67,13.26,0
2026-08-24 07:30:00,38.29,13.81,0
2026-08-24 08:00:00,38.04,14.86,0
2026-08-24 08:30:00,37.82,15.84,0
2026-08-24 09:00:00,37.57,16.38,0
2026-08-24 09:30:00,37.26,17.51,0
2026-08-24 10:00:00,36.82,18.94,0
2026-08-24 10:30:00,36.61,20.31,0
2026-08-24 11:00:00,36.36,18.19,0
2026-08-24 11:30:00,35.83,21.37,0
2026-08-24 12:00:00,35.57,19.89,0
2026-08-24 12:30:00,34.81,23.17,0
2026-08-24 13:00:00,34.13,23.95,0
2026-08-24 13:30:00,33.57,24.32,0
2026-08-24 14:00:00,33.2,22.65,0
2026-08-24 14:30:00,32.83,24.05,0
2026-08-24 15:00:00,32.42,23.81,0
2026-08-24 15:30:00,31.95,24.4,0
2026-08-24 16:00:00,31.83,22.37,0
2026-08-24 16:30:00,31.4,23.9,0
2026-08-24 17:00:00,30.76,24.5,0
2026-08-24 17:30:00,30.14,22.4,0
2026-08-24 18:00:00,69.84,21.97,1
2026-08-24 18:30:00,69.49,20.82,0
2026-08-24 19:00:00,69.38,20.32,0
2026-08-24 19:30:00,68.96,20.22,0
2026-08-24 20:00:00,69.0,19.6,0
2026-08-24 20:30:00,68.9,18.29,0
2026-08-24 21:00:00,68.63,15.27,0
2026-08-24 21:30:00,68.48,16.82,0
2026-08-24 22:00:00,68.48,14.5,0
2026-08-24 22:30:00,68.21,14.21,0
2026-08-24 23:00:00,67.85,13.87,0
2026-08-24 23:30:00,67.47,12.73,0
2026-08-25 00:00:00,67.42,10.44,0
2026-08-25 00:30:00,67.17,12.54,0
2026-08-25 01:00:00,66.66,10.18,0
2026-08-25 01:30:00,66.65,10.04,0
2026-08-25 02:00:00,66.57,10.74,0
2026-08-25 02:30:00,66.37,9.92,0
2026-08-25 03:00:00,66.01,9.25,0
2026-08-25 03:30:00,65.58,8.37,0
2026-08-25 04:00:00,65.49,10.34,0
2026-08-25 04:30:00,65.24,7.95,0
2026-08-25 05:00:00,,11.79,0
2026-08-25 05:30:00,64.85,10.92,0
2026-08-25 06:00:00,64.81,10.66,0
2026-08-25 06:30:00,64.66,12.85,0
2026-08-25 07:00:00,64.19,13.35,0
2026-08-25 07:30:00,64.26,14.53,0
2026-08-25 08:00:00,64.08,14.43,0
2026-08-25 08:30:00,63.95,15.55,0
2026-08-25 09:00:00,63.79,16.5,0
2026-08-25 09:30:00,63.39,17.64,0
2026-08-25 10:00:00,62.88,17.37,0
2026-08-25 10:30:00,62.52,19.3,0
2026-08-25 11:00:00,61.9,21.03,0
2026-08-25 11:30:00,61.45,21.24,0
2026-08-25 12:00:00,61.08,22.09,0
2026-08-25 12:30:00,60.53,22.2,0
2026-08-25 13:00:00,60.16,22.04,0
2026-08-25 13:30:00,59.52,23.53,0
2026-08-25 14:00:00,59.02,22.73,0
2026-08-25 14:30:00,58.35,23.37,0
2026-08-25 15:00:00,57.82,23.45,0
2026-08-25 15:30:00,57.51,23.5,0
2026-08-25 16:00:00,56.91,24.23,0
2026-08-25 16:30:00,56.27,24.27,0
2026-08-25 17:00:00,55.97,23.68,0
2026-08-25 17:30:00,55.3,22.64,0
2026-08-25 18:00:00,54.84,20.0,0
2026-08-25 18:30:00,54.23,21.11,0
2026-08-25 19:00:00,54.07,19.67,0
2026-08-25 19:30:00,53.64,20.01,0
2026-08-25 20:00:00,53.17,18.6,0
2026-08-25 20:30:00,52.74,17.23,0
2026-08-25 21:00:00,52.45,17.11,0
2026-08-25 21:30:00,52.36,16.57,0
2026-08-25 22:00:00,52.02,16.42,0
2026-08-25 22:30:00,51.69,15.35,0
2026-08-25 23:00:00,51.59,12.52,0
2026-08-25 23:30:00,51.37,13.76,0
2026-08-26 00:00:00,51.15,11.97,0
2026-08-26 00:30:00,50.93,11.76,0
2026-08-26 01:00:00,50.82,10.9,0
2026-08-26 01:30:00,50.69,10.96,0
2026-08-26 02:00:00,50.05,10.26,0
2026-08-26 02:30:00,49.76,9.82,0
2026-08-26 03:00:00,49.66,7.72,0
2026-08-26 03:30:00,49.37,10.09,0
2026-08-26 04:00:00,49.26,10.38,0
2026-08-26 04:30:00,49.04,10.47,0
2026-08-26 05:00:00,48.77,12.73,0
2026-08-26 05:30:00,48.54,11.55,0
2026-08-26 06:00:00,48.33,12.57,0
2026-08-26 06:30:00,48.09,13.6,0
2026-08-26 07:00:00,48.18,13.2,0
2026-08-26 07:30:00,48.09,13.33,0
2026-08-26 08:00:00,47.87,14.44,0
2026-08-26 08:30:00,47.56,16.47,0
2026-08-26 09:00:00,47.1,16.61,0
2026-08-26 09:30:00,46.78,18.08,0
2026-08-26 10:00:00,46.17,18.27,0
2026-08-26 10:30:00,45.48,19.22,0
2026-08-26 11:00:00,45.16,19.8,0
2026-08-26 11:30:00,44.68,21.87,0
2026-08-26 12:00:00,44.27,21.49,0
2026-08-26 12:30:00,43.7,23.19,0
2026-08-26 13:00:00,43.43,21.16,0
2026-08-26 13:30:00,42.84,22.35,0
2026-08-26 14:00:00,42.0,22.78,0
2026-08-26 14:30:00,41.58,24.82,0
2026-08-26 15:00:00,41.2,23.91,0
2026-08-26 15:30:00,40.61,23.26,0
2026-08-26 16:00:00,39.85,22.63,0
2026-08-26 16:30:00,39.32,23.23,0
2026-08-26 17:00:00,38.6,22.83,0
2026-08-26 17:30:00,38.04,23.57,0
2026-08-26 18:00:00,37.62,20.31,0
2026-08-26 18:30:00,37.31,21.34,0
2026-08-26 19:00:00,36.61,20.74,0
2026-08-26 19:30:00,36.05,21.34,0
2026-08-26 20:00:00,35.69,17.8,0
2026-08-26 20:30:00,35.5,18.35,0
2026-08-26 21:00:00,35.31,17.16,0
2026-08-26 21:30:00,35.01,16.5,0
2026-08-26 22:00:00,34.67,14.33,0
2026-08-26 22:30:00,34.35,14.18,0
2026-08-26 23:00:00,34.2,14.22,0
2026-08-26 23:30:00,34.16,12.98,0
2026-08-27 00:00:00,33.98,11.45,0
2026-08-27 00:30:00,33.71,11.22,0
2026-08-27 01:00:00,33.5,11.4,0
2026-08-27 01:30:00,33.28,10.26,0
2026-08-27 02:00:00,33.17,11.17,0
2026-08-27 02:30:00,33.17,10.44,0
2026-08-27 03:00:00,33.17,8.95,0
2026-08-27 03:30:00,33.17,10.86,0
2026-08-27 04:00:00,33.17,9.67,0
2026-08-27 04:30:00,33.17,10.13,0
2026-08-27 05:00:00,33.17,10.0,0
2026-08-27 05:30:00,33.17,11.33,0
2026-08-27 06:00:00,33.17,12.19,0
2024-11-01 06:30:00,33.17,12.55,0
2026-08-27 07:00:00,33.17,13.42,0
2026-08-27 07:30:00,33.17,13.66,1
2026-08-27 08:00:00,33.17,15.74,0
2026-08-27 08:30:00,33.17,14.62,0
2026-08-27 09:00:00,33.17,15.47,0
2026-08-27 09:30:00,33.17,17.91,0
2026-08-27 10:00:00,76.3,20.28,0
2026-08-27 10:30:00,75.83,21.73,0
2026-08-27 11:00:00,75.47,19.48,0
2026-08-27 11:30:00,74.91,21.64,0
2026-08-27 12:00:00,74.33,21.78,0
2026-08-27 12:30:00,73.67,22.71,0
2026-08-27 13:00:00,73.13,23.11,0
2026-08-27 13:30:00,72.38,23.85,0
2026-08-27 14:00:00,71.69,24.28,0
2026-08-27 14:30:00,70.99,23.62,0
2026-08-27 15:00:00,70.47,24.76,0
2026-08-27 15:30:00,70.15,22.8,0
2026-08-27 16:00:00,69.58,24.75,0
2026-08-27 16:30:00,68.96,23.9,0
2026-08-27 17:00:00,68.8,22.62,0
2026-08-27 17:30:00,68.41,21.88,0
2026-08-27 18:00:00,67.64,22.24,0
2026-08-27 18:30:00,67.27,20.45,0
2026-08-27 19:00:00,66.84,20.53,0
2026-08-27 19:30:00,66.45,20.92,0
2026-08-27 20:00:00,66.17,18.36,0
2026-08-27 20:30:00,65.97,16.2,0
2026-08-27 21:00:00,65.87,16.54,0
2026-08-27 21:30:00,65.66,16.84,0
2026-08-27 22:00:00,65.55,14.8,0
2026-08-27 22:30:00,65.37,13.33,0
2026-08-27 23:00:00,65.13,15.06,0
2026-08-27 23:30:00,64.77,11.8,0
2026-08-28 00:00:00,64.57,12.78,0
2026-08-28 00:30:00,64.67,10.54,0
2026-08-28 01:00:00,64.45,10.56,0
2026-08-28 01:30:00,64.48,10.33,0
2026-08-28 02:00:00,64.18,10.96,0
2026-08-28 02:30:00,64.11,9.67,0
2026-08-28 03:00:00,63.81,10.59,0
2026-08-28 03:30:00,63.68,9.89,0
2026-08-28 04:00:00,63.2,11.44,0
2026-08-28 04:30:00,63.03,11.19,0
2026-08-28 05:00:00,62.83,12.33,0
2026-08-28 05:30:00,62.74,11.81,0
2026-08-28 06:00:00,62.59,11.54,0
2026-08-28 06:30:00,62.07,12.31,0
2026-08-28 07:00:00,61.6,13.37,0
2026-08-28 07:30:00,61.37,13.91,0
2026-08-28 08:00:00,61.14,13.61,0
2026-08-28 08:30:00,60.95,15.13,0
2026-08-28 09:00:00,60.65,16.72,0
2026-08-28 09:30:00,60.15,18.13,0
2026-08-28 10:00:00,60.06,18.58,0
2026-08-28 10:30:00,59.48,19.94,0
2026-08-28 11:00:00,59.14,20.79,0
2026-08-28 11:30:00,58.78,19.34,0
2026-08-28 12:00:00,58.29,21.94,0
2026-08-28 12:30:00,57.63,22.41,0
2026-08-28 13:00:00,57.11,23.57,0
2026-08-28 13:30:00,56.74,24.27,0
2026-08-28 14:00:00,56.26,24.02,0
2026-08-28 14:30:00,55.69,24.82,0
2026-08-28 15:00:00,55.02,24.39,0
2026-08-28 15:30:00,54.4,25.2,0
2026-08-28 16:00:00,54.02,23.19,0
2026-08-28 16:30:00,53.27,25.23,0
2026-08-28 17:00:00,52.9,23.33,0
2026-08-28 17:30:00,52.45,21.61,0
2026-08-28 18:00:00,52.07,22.16,0
2026-08-28 18:30:00,51.55,20.77,0
2026-08-28 19:00:00,51.13,20.14,0
2026-08-28 19:30:00,50.7,19.66,0
2026-08-28 20:00:00,50.21,19.25,0
2026-08-28 20:30:00,49.79,17.65,0
2026-08-28 21:00:00,49.32,17.36,0
2026-08-28 21:30:00,49.16,16.08,0
2026-08-28 22:00:00,49.01,16.56,0
2026-08-28 22:30:00,48.84,14.84,0
2026-08-28 23:00:00,48.66,14.37,0
2026-08-28 23:30:00,48.51,13.32,0
2026-08-29 00:00:00,48.19,13.5,0
2026-08-29 00:30:00,48.26,12.23,0
2026-08-29 01:00:00,47.88,10.78,0
2026-08-29 01:30:00,47.44,10.38,0
2026-08-29 02:00:00,47.3,10.44,0
2026-08-29 02:30:00,47.16,9.79,0
2026-08-29 03:00:00,47.06,9.42,0
2026-08-29 03:30:00,46.82,9.83,0
2026-08-29 04:00:00,46.59,10.77,0
2026-08-29 04:30:00,46.42,9.56,0
2026-08-29 05:00:00,45.98,12.21,0
2026-08-29 05:30:00,45.83,12.34,0
2026-08-29 06:00:00,45.66,12.2,0
2026-08-29 06:30:00,45.22,13.42,0
2026-08-29 07:00:00,45.14,13.2,0
2026-08-29 07:30:00,45.22,14.69,0
2026-08-29 08:00:00,44.69,15.34,0
2026-08-29 08:30:00,44.19,17.1,0
2026-08-29 09:00:00,43.82,18.0,0
2026-08-29 09:30:00,43.58,17.68,0
2026-08-29 10:00:00,43.22,19.04,0
2026-08-29 10:30:00,42.93,19.03,0
2026-08-29 11:00:00,42.42,20.1,0
2026-08-29 11:30:00,42.26,20.62,0
2026-08-29 12:00:00,41.83,22.25,0
2026-08-29 12:30:00,41.5,22.72,0
2026-08-29 13:00:00,40.89,23.23,0
2026-08-29 13:30:00,40.44,23.22,0
2026-08-29 14:00:00,39.87,23.65,0
2026-08-29 14:30:00,39.24,24.37,0
2026-08-29 15:00:00,38.74,23.82,0
2026-08-29 15:30:00,38.17,24.04,0
2026-08-29 16:00:00,37.71,23.94,0
2026-08-29 16:30:00,37.2,22.35,0
2026-08-29 17:00:00,36.68,22.85,0
2026-08-29 17:30:00,36.26,23.25,0
2026-08-29 18:00:00,35.86,22.29,0
2026-08-29 18:30:00,35.37,20.37,0
2026-08-29 19:00:00,35.06,20.88,0
2026-08-29 19:30:00,34.53,19.59,0
2026-08-29 20:00:00,34.25,18.89,0
2026-08-29 20:30:00,33.85,17.35,0
2026-08-29 21:00:00,33.41,18.4,0
2026-08-29 21:30:00,33.18,17.03,0
2026-08-29 22:00:00,32.93,14.87,0
2026-08-29 22:30:00,32.44,13.83,0
2026-08-29 23:00:00,32.31,14.77,0
2026-08-29 23:30:00,31.87,11.77,0
2026-08-30 00:00:00,31.72,13.25,0
2026-08-30 00:30:00,31.39,10.77,0
2026-08-30 01:00:00,31.26,11.39,0
2026-08-30 01:30:00,31.02,11.38,0
2026-08-30 02:00:00,30.78,11.12,0
2026-08-30 02:30:00,30.55,10.69,0
2026-08-30 03:00:00,30.57,9.57,0
2026-08-30 03:30:00,30.43,10.55,0
2026-08-30 04:00:00,30.34,10.25,0
2026-08-30 04:30:00,72.61,11.17,1
2026-08-30 05:00:00,72.68,11.69,0
2026-08-30 05:30:00,72.56,10.19,0
2026-08-30 06:00:00,72.26,9.65,0
2026-08-30 06:30:00,72.35,12.77,0
2026-08-30 07:00:00,72.17,12.83,0
2026-08-30 07:30:00,72.0,14.25,0
2026-08-30 08:00:00,71.61,16.74,0
2026-08-30 08:30:00,71.39,16.86,0
2026-08-30 09:00:00,71.24,17.49,0
2026-08-30 09:30:00,70.83,18.05,0
2026-08-30 10:00:00,70.52,17.51,0
2026-08-30 10:30:00,69.96,20.71,0
2026-08-30 11:00:00,69.58,22.11,0
2026-08-30 11:30:00,69.22,22.87,0
2026-08-30 12:00:00,68.59,21.21,0
2026-08-30 12:30:00,67.94,22.34,0
2026-08-30 13:00:00,67.35,22.01,0
2026-08-30 13:30:00,66.85,22.89,0
2026-08-30 14:00:00,66.17,24.83,0
2026-08-30 14:30:00,65.74,23.77,0
2026-08-30 15:00:00,65.19,22.96,0
2026-08-30 15:30:00,64.61,24.87,0
2026-08-30 16:00:00,64.08,24.2,0
2026-08-30 16:30:00,63.49,23.92,0
2026-08-30 17:00:00,62.78,23.11,0
2026-08-30 17:30:00,62.22,22.59,0
2026-08-30 18:00:00,61.78,22.35,0
2026-08-30 18:30:00,61.69,21.05,0
2026-08-30 19:00:00,61.23,21.12,0
2026-08-30 19:30:00,60.77,19.98,0
2026-08-30 20:00:00,60.6,19.75,0
2026-08-30 20:30:00,60.06,17.48,0
2026-08-30 21:00:00,60.12,16.91,0
2026-08-30 21:30:00,59.83,16.78,0
2026-08-30 22:00:00,59.74,15.28,0
2026-08-30 22:30:00,59.6,14.15,0
2026-08-30 23:00:00,59.4,14.05,0
2026-08-30 23:30:00,59.15,12.32,0
2026-08-31 00:00:00,58.94,11.88,0
2026-08-31 00:30:00,58.86,11.43,0
2026-08-31 01:00:00,58.62,10.96,0
2026-08-31 01:30:00,58.44,10.73,0
2026-08-31 02:00:00,58.44,10.23,0
2026-08-31 02:30:00,58.19,10.09,0
2026-08-31 03:00:00,58.11,11.68,0
2026-08-31 03:30:00,57.75,11.57,0
2026-08-31 04:00:00,57.51,11.19,0
2026-08-31 04:30:00,57.27,9.96,0
2026-08-31 05:00:00,57.21,10.54,0
2026-08-31 05:30:00,56.91,10.31,0
2026-08-31 06:00:00,56.48,11.66,0
2026-08-31 06:30:00,56.2,12.5,0
2026-08-31 07:00:00,55.85,14.16,0
2026-08-31 07:30:00,55.86,14.69,0
2026-08-31 08:00:00,55.38,13.74,0
2026-08-31 08:30:00,55.14,17.03,0
2026-08-31 09:00:00,54.69,15.85,0
2026-08-31 09:30:00,54.52,18.51,0
2026-08-31 10:00:00,54.11,20.19,0
2026-08-31 10:30:00,53.51,18.92,0
2026-08-31 11:00:00,52.87,22.6,0
2026-08-31 11:30:00,52.63,20.8,0
2026-08-31 12:00:00,52.31,21.42,0
2026-08-31 12:30:00,52.13,22.76,0
2026-08-31 13:00:00,51.87,23.37,0
2026-08-31 13:30:00,51.22,24.25,0
2026-08-31 14:00:00,50.57,26.36,0
2026-08-31 14:30:00,50.02,23.75,0
2026-08-31 15:00:00,49.65,24.24,0
2026-08-31 15:30:00,49.15,24.28,0
2026-08-31 16:00:00,48.5,25.18,0
2026-08-31 16:30:00,48.05,23.14,0
2026-08-31 17:00:00,47.57,23.25,0
2026-08-31 17:30:00,47.34,22.6,0
2026-08-31 18:00:00,46.51,24.93,0
2026-08-31 18:30:00,45.85,23.81,0
2026-08-31 19:00:00,45.47,21.21,0
2026-08-31 19:30:00,44.96,20.84,0
2026-08-31 20:00:00,44.49,18.8,0
2026-08-31 20:30:00,44.1,17.92,0
2026-08-31 21:00:00,44.01,17.17,0
2026-08-31 21:30:00,43.72,15.74,0
2026-08-31 22:00:00,43.48,15.65,0
2026-08-31 22:30:00,43.07,15.43,0
2026-08-31 23:00:00,42.86,13.82,0
2026-08-31 23:30:00,42.78,13.38,0
2026-09-01 00:00:00,42.54,12.05,0
2026-09-01 00:30:00,42.22,12.68,0
2026-09-01 01:00:00,41.96,11.73,0
2026-09-01 01:30:00,41.61,10.85,0
2026-09-01 02:00:00,41.21,11.18,0
2026-09-01 02:30:00,40.8,10.01,0
2026-09-01 03:00:00,40.69,9.81,0
2026-09-01 03:30:00,40.75,10.63,0
2026-09-01 04:00:00,40.18,11.51,0
2026-09-01 04:30:00,39.9,10.93,0
2026-09-01 05:00:00,39.67,10.91,0
2026-09-01 05:30:00,39.71,11.82,0
2026-09-01 06:00:00,39.63,11.2,0
2026-09-01 06:30:00,39.63,11.48,0
2026-09-01 07:00:00,39.48,13.61,0
2026-09-01 07:30:00,39.01,12.78,0
2026-09-01 08:00:00,38.7,14.66,0
2026-09-01 08:30:00,38.72,15.85,0
2026-09-01 09:00:00,38.48,17.39,0
2026-09-01 09:30:00,38.06,19.72,0
2026-09-01 10:00:00,37.57,18.54,0
2026-09-01 10:30:00,37.35,19.96,0
2026-09-01 11:00:00,37.02,21.18,0
2026-09-01 11:30:00,36.57,22.3,0
2026-09-01 12:00:00,35.83,21.49,0
2026-09-01 12:30:00,35.67,21.99,0
2026-09-01 13:00:00,35.16,23.0,0
2026-09-01 13:30:00,34.72,23.73,0
2026-09-01 14:00:00,34.07,22.74,0
2026-09-01 14:30:00,33.44,25.38,0
2026-09-01 15:00:00,32.74,24.69,0
2026-09-01 15:30:00,32.33,24.96,0
2026-09-01 16:00:00,31.73,24.97,0
2026-09-01 16:30:00,31.08,24.23,0
2026-09-01 17:00:00,30.49,23.48,0
2026-09-01 17:30:00,70.2,21.95,1
2026-09-01 18:00:00,69.93,22.81,0
2026-09-01 18:30:00,69.53,21.12,0
2026-09-01 19:00:00,69.13,22.62,0
2026-09-01 19:30:00,68.77,19.83,0
2026-09-01 20:00:00,68.34,20.03,0
2026-09-01 20:30:00,67.75,18.82,0
2026-09-01 21:00:00,67.46,16.64,0
2026-09-01 21:30:00,67.31,16.87,0
2026-09-01 22:00:00,67.07,15.02,0
2026-09-01 22:30:00,66.85,14.88,0
2026-09-01 23:00:00,66.53,12.15,0
2026-09-01 23:30:00,66.48,13.23,0
2026-09-02 00:00:00,66.11,13.84,0
2026-09-02 00:30:00,65.63,12.2,0
2026-09-02 01:00:00,65.36,11.83,0
2026-09-02 01:30:00,65.22,11.44,0
2026-09-02 02:00:00,64.73,10.52,0
2026-09-02 02:30:00,64.4,11.5,0
2026-09-02 03:00:00,64.33,11.42,0
2026-09-02 03:30:00,64.21,12.28,0
2026-09-02 04:00:00,64.26,11.41,0
2026-09-02 04:30:00,64.08,10.48,0
2026-09-02 05:00:00,63.87,11.09,0
2026-09-02 05:30:00,63.38,12.05,0
2026-09-02 06:00:00,63.26,12.4,0
2026-09-02 06:30:00,62.95,13.24,0
2026-09-02 07:00:00,62.84,14.54,0
2026-09-02 07:30:00,62.57,14.1,0
2026-09-02 08:00:00,62.07,15.8,0
2026-09-02 08:30:00,61.78,14.77,0
2026-09-02 09:00:00,61.45,17.31,0
2026-09-02 09:30:00,61.01,19.91,0
2026-09-02 10:00:00,60.57,19.09,0
2026-09-02 10:30:00,60.16,19.78,0
2026-09-02 11:00:00,59.48,22.42,0
2026-09-02 11:30:00,59.18,22.66,0
2026-09-02 12:00:00,58.98,21.8,0
2026-09-02 12:30:00,58.26,22.15,0
2026-09-02 13:00:00,57.69,24.79,0
2026-09-02 13:30:00,57.37,22.8,0
2026-09-02 14:00:00,56.77,24.43,0
2026-09-02 14:30:00,56.18,23.4,0
2026-09-02 15:00:00,55.92,23.73,0
2026-09-02 15:30:00,55.3,22.07,0
2026-09-02 16:00:00,54.92,23.74,0
2026-09-02 16:30:00,54.35,23.74,0
2026-09-02 17:00:00,53.8,22.64,0
2026-09-02 17:30:00,53.69,23.31,0
2026-09-02 18:00:00,53.33,23.43,0
2026-09-02 18:30:00,52.63,22.23,0
2026-09-02 19:00:00,52.17,21.43,0
2026-09-02 19:30:00,51.96,20.64,0
2026-09-02 20:00:00,51.82,19.16,0
2026-09-02 20:30:00,51.34,18.42,0
2026-09-02 21:00:00,50.94,16.72,0
2026-09-02 21:30:00,50.35,17.89,0
2026-09-02 22:00:00,50.03,14.83,0
2026-09-02 22:30:00,49.83,13.61,0
2026-09-02 23:00:00,49.91,13.54,0
2026-09-02 23:30:00,49.7,13.18,0
2026-09-03 00:00:00,49.38,12.8,0
2026-09-03 00:30:00,49.31,11.64,0
2026-09-03 01:00:00,49.34,10.59,0
2026-09-03 01:30:00,49.24,11.18,0
2026-09-03 02:00:00,48.89,11.39,0
2026-09-03 02:30:00,48.69,9.58,0
2026-09-03 03:00:00,48.39,12.13,0
2026-09-03 03:30:00,48.26,9.96,0
2026-09-03 04:00:00,47.81,11.82,0
2026-09-03 04:30:00,47.73,10.44,0
2026-09-03 05:00:00,47.42,11.55,0
2026-09-03 05:30:00,47.23,13.08,0
2026-09-03 06:00:00,47.02,12.36,0
2026-09-03 06:30:00,46.64,14.49,0
2026-09-03 07:00:00,46.36,14.45,0
2026-09-03 07:30:00,45.81,14.29,0
2026-09-03 08:00:00,45.87,15.88,0
2026-09-03 08:30:00,45.62,17.56,0
2026-09-03 09:00:00,45.54,17.63,0
2026-09-03 09:30:00,45.21,17.93,0
2026-09-03 10:00:00,44.84,19.4,0
2026-09-03 10:30:00,44.39,20.74,0
2026-09-03 11:00:00,43.91,20.96,0
2026-09-03 11:30:00,43.7,19.74,0
2026-09-03 12:00:00,43.3,22.29,0
2026-09-03 12:30:00,42.77,23.79,0
2026-09-03 13:00:00,42.32,23.72,0
2026-09-03 13:30:00,42.03,23.7,0
2026-09-03 14:00:00,41.66,23.5,0
2026-09-03 14:30:00,41.19,23.39,0
2026-09-03 15:00:00,40.85,23.89,0
2026-09-03 15:30:00,40.16,23.9,0
2026-09-03 16:00:00,39.56,22.82,0
2026-09-03 16:30:00,39.19,24.64,0
2026-09-03 17:00:00,38.63,24.02,0
2026-09-03 17:30:00,38.13,23.58,0
2026-09-03 18:00:00,37.66,21.84,0
2026-09-03 18:30:00,37.34,21.28,0
2026-09-03 19:00:00,36.89,18.94,0
2026-09-03 19:30:00,36.48,20.5,0
2026-09-03 20:00:00,35.84,21.42,0
2026-09-03 20:30:00,35.6,18.84,0
2026-09-03 21:00:00,35.52,18.88,0
2026-09-03 21:30:00,34.92,18.02,0
2026-09-03 22:00:00,34.56,14.93,0
2026-09-03 22:30:00,34.37,16.23,0
2026-09-03 23:00:00,34.19,13.44,0
2026-09-03 23:30:00,33.71,13.35,0
2026-09-04 00:00:00,33.28,12.6,0
2026-09-04 00:30:00,32.96,11.19,0
2026-09-04 01:00:00,32.72,12.66,0
2026-09-04 01:30:00,32.56,11.08,0
2026-09-04 02:00:00,31.84,12.0,0
2026-09-04 02:30:00,31.65,10.76,0
2026-09-04 03:00:00,31.42,11.96,0
2026-09-04 03:30:00,31.27,10.44,0
2026-09-04 04:00:00,31.06,11.23,0
2026-09-04 04:30:00,30.92,11.38,0
2026-09-04 05:00:00,30.79,11.48,0
2026-09-04 05:30:00,30.54,12.33,0
2026-09-04 06:00:00,30.36,13.24,0
2026-09-04 06:30:00,30.32,13.96,0
2026-09-04 07:00:00,30.26,12.69,0
2026-09-04 07:30:00,30.24,15.2,0
2026-09-04 08:00:00,30.0,15.03,0
2026-09-04 08:30:00,76.45,16.53,1
2026-09-04 09:00:00,76.27,16.67,0
2026-09-04 09:30:00,75.82,17.24,0
2026-09-04 10:00:00,75.18,20.58,0
2026-09-04 10:30:00,74.69,20.52,0
2026-09-04 11:00:00,74.12,21.75,0
2026-09-04 11:30:00,73.73,21.52,0
2026-09-04 12:00:00,73.32,23.87,0
2026-09-04 12:30:00,72.63,23.82,0
2026-09-04 13:00:00,72.24,24.3,0
2026-09-04 13:30:00,71.66,23.71,0
2026-09-04 14:00:00,70.95,24.59,0
2026-09-04 14:30:00,70.35,24.07,0
2026-09-04 15:00:00,69.91,24.36,0
2026-09-04 15:30:00,69.13,23.9,0
2026-09-04 16:00:00,68.56,25.34,0
2026-09-04 16:30:00,,23.96,0
2026-09-04 17:00:00,67.41,24.23,0
2026-09-04 17:30:00,66.99,22.55,0
2026-09-04 18:00:00,66.55,22.94,0
2026-09-04 18:30:00,66.07,21.95,0
2026-09-04 19:00:00,65.83,22.05,0
2026-09-04 19:30:00,65.38,19.08,0
2026-09-04 20:00:00,64.9,19.45,0
2026-09-04 20:30:00,64.55,19.48,0
2026-09-04 21:00:00,64.38,19.1,0
2026-09-04 21:30:00,64.06,16.13,0
2026-09-04 22:00:00,63.92,15.79,0
2026-09-04 22:30:00,63.56,14.97,0
2026-09-04 23:00:00,63.39,15.05,0
2026-09-04 23:30:00,63.33,13.38,0
2026-09-05 00:00:00,62.84,12.2,0
2026-09-05 00:30:00,62.94,11.01,0
2026-09-05 01:00:00,62.93,11.48,0
2026-09-05 01:30:00,62.79,11.59,0
2026-09-05 02:00:00,62.5,10.28,0
2026-09-05 02:30:00,62.36,10.69,0
2026-09-05 03:00:00,62.21,10.58,0
2026-09-05 03:30:00,62.02,11.58,0
2026-09-05 04:00:00,61.82,11.33,0
2026-09-05 04:30:00,61.5,11.06,0
2026-09-05 05:00:00,61.12,12.67,0
2026-09-05 05:30:00,60.8,11.29,0
2026-09-05 06:00:00,60.64,13.15,0
2026-09-05 06:30:00,60.4,14.05,0
2026-09-05 07:00:00,60.16,15.53,0
2026-09-05 07:30:00,59.96,14.73,0
2026-09-05 08:00:00,59.46,14.99,0
2026-09-05 08:30:00,59.34,18.05,0
2026-09-05 09:00:00,58.82,16.92,0
2026-09-05 09:30:00,58.35,20.53,0
2026-09-05 10:00:00,57.84,20.3,0
2026-09-05 10:30:00,57.42,21.19,0
2026-09-05 11:00:00,57.08,21.37,0
2026-09-05 11:30:00,56.61,21.45,0
2026-09-05 12:00:00,56.19,22.72,0
2026-09-05 12:30:00,55.42,23.99,0
2026-09-05 13:00:00,54.84,23.9,0
2026-09-05 13:30:00,54.46,24.31,0
2026-09-05 14:00:00,53.87,24.64,0
2026-09-05 14:30:00,53.32,25.84,0
2026-09-05 15:00:00,52.82,25.94,0
2026-09-05 15:30:00,52.08,25.78,0
2026-09-05 16:00:00,51.59,25.28,0
2026-09-05 16:30:00,50.98,23.56,0
2026-09-05 17:00:00,50.34,23.31,0
2026-09-05 17:30:00,49.76,22.75,0
2026-09-05 18:00:00,49.27,21.91,0
2026-09-05 18:30:00,48.64,20.71,0
2026-09-05 19:00:00,47.96,22.0,0
2026-09-05 19:30:00,47.78,19.69,0
2026-09-05 20:00:00,47.42,20.07,0
2026-09-05 20:30:00,46.89,18.4,0
2026-09-05 21:00:00,46.51,18.47,0
2026-09-05 21:30:00,46.58,17.2,0
2026-09-05 22:00:00,46.26,15.01,0
2026-09-05 22:30:00,45.84,16.08,0
2026-09-05 23:00:00,45.49,14.09,0
2026-09-05 23:30:00,45.11,13.96,0
2026-09-06 00:00:00,44.8,13.06,0
2026-09-06 00:30:00,44.6,11.49,0
2026-09-06 01:00:00,44.32,11.24,0
2026-09-06 01:30:00,44.15,12.6,0
2026-09-06 02:00:00,44.17,10.97,0
2026-09-06 02:30:00,44.03,10.66,0
2026-09-06 03:00:00,43.63,9.68,0
2026-09-06 03:30:00,43.29,10.0,0
2026-09-06 04:00:00,43.06,12.24,0
2026-09-06 04:30:00,42.67,10.58,0
2026-09-06 05:00:00,42.4,11.74,0
2026-09-06 05:30:00,42.11,11.18,0
2026-09-06 06:00:00,41.64,12.26,0
2026-09-06 06:30:00,41.64,13.74,0
2026-09-06 07:00:00,41.4,15.27,0
2026-09-06 07:30:00,41.13,14.63,0
2026-09-06 08:00:00,40.97,15.9,0
2026-09-06 08:30:00,40.61,15.59,0
2026-09-06 09:00:00,40.25,17.34,0
2026-09-06 09:30:00,40.19,19.3,0
2026-09-06 10:00:00,39.94,21.82,0
2026-09-06 10:30:00,39.64,21.22,0
2026-09-06 11:00:00,39.13,22.19,0
2026-09-06 11:30:00,38.66,22.92,0
2026-09-06 12:00:00,38.08,23.13,0
2026-09-06 12:30:00,37.47,22.49,0
2026-09-06 13:00:00,36.93,23.45,0
2026-09-06 13:30:00,36.4,25.26,0
2026-09-06 14:00:00,35.62,22.99,0
2026-09-06 14:30:00,35.16,24.87,0
2026-09-06 15:00:00,34.55,26.14,0
2026-09-06 15:30:00,33.75,26.13,0
2026-09-06 16:00:00,33.3,25.52,0
2026-09-06 16:30:00,32.99,23.93,0
2026-09-06 17:00:00,32.47,23.05,0
2026-09-06 17:30:00,32.07,23.05,0
2026-09-06 18:00:00,31.5,22.69,0
2026-09-06 18:30:00,31.04,23.83,0
2026-09-06 19:00:00,30.62,21.22,0
2026-09-06 19:30:00,30.13,19.56,0
2026-09-06 20:00:00,69.5,19.81,1
2026-09-06 20:30:00,69.11,19.69,0
2026-09-06 21:00:00,68.78,16.82,0
2026-09-06 21:30:00,68.45,17.43,0
2026-09-06 22:00:00,68.35,16.39,0
2026-09-06 22:30:00,68.49,14.37,0
2026-09-06 23:00:00,68.4,15.49,0
2026-09-06 23:30:00,68.01,14.3,0
2026-09-07 00:00:00,67.69,12.78,0
2026-09-07 00:30:00,67.67,12.71,0
2026-09-07 01:00:00,67.49,12.8,0
2026-09-07 01:30:00,67.23,10.82,0
2026-09-07 02:00:00,66.94,11.98,0
2026-09-07 02:30:00,66.73,11.38,0
2026-09-07 03:00:00,,9.79,0
2026-09-07 03:30:00,66.25,11.73,0
2026-09-07 04:00:00,66.01,10.94,0
2026-09-07 04:30:00,66.03,10.73,0
2026-09-07 05:00:00,65.79,11.96,0
2026-09-07 05:30:00,65.53,13.69,0
2026-09-07 06:00:00,65.4,12.86,0
2026-09-07 06:30:00,65.06,13.39,0
2026-09-07 07:00:00,64.71,15.52,0
2026-09-07 07:30:00,64.29,15.33,0
2026-09-07 08:00:00,63.81,16.87,0
2026-09-07 08:30:00,63.56,17.99,0
2026-09-07 09:00:00,63.1,17.63,0
2026-09-07 09:30:00,62.69,18.78,0
2026-09-07 10:00:00,62.27,21.02,0
2026-09-07 10:30:00,61.82,21.98,0
2026-09-07 11:00:00,61.32,21.7,0
2026-09-07 11:30:00,60.69,22.35,0
2026-09-07 12:00:00,59.96,22.73,0
2026-09-07 12:30:00,59.33,23.5,0
2026-09-07 13:00:00,58.5,22.9,0
2026-09-07 13:30:00,57.86,24.32,0
2026-09-07 14:00:00,57.32,24.09,0
2026-09-07 14:30:00,56.71,24.6,0
2026-09-07 15:00:00,56.71,26.4,0
2026-09-07 15:30:00,56.71,24.11,0
2026-09-07 16:00:00,56.71,24.99,0
2026-09-07 16:30:00,56.71,24.66,0
2026-09-07 17:00:00,56.71,23.91,0
2026-09-07 17:30:00,56.71,22.04,0
2026-09-07 18:00:00,56.71,22.5,0
2026-09-07 18:30:00,56.71,22.23,0
2026-09-07 19:00:00,56.71,20.62,0
2026-09-07 19:30:00,56.71,20.7,0
2026-09-07 20:00:00,56.71,19.85,0
2026-09-07 20:30:00,51.7,18.6,0
2026-09-07 21:00:00,51.42,18.4,0
2026-09-07 21:30:00,50.95,16.9,0
2026-09-07 22:00:00,50.71,17.25,0
2026-09-07 22:30:00,50.43,15.33,0
2026-09-07 23:00:00,50.19,14.4,0
2026-09-07 23:30:00,49.88,14.26,0
2026-09-08 00:00:00,49.8,13.28,0
2026-09-08 00:30:00,49.84,12.41,0
2026-09-08 01:00:00,49.63,11.04,0
2026-09-08 01:30:00,49.44,11.83,0
2026-09-08 02:00:00,49.16,11.06,0
2026-09-08 02:30:00,48.85,11.13,0
2026-09-08 03:00:00,48.6,10.65,0
2026-09-08 03:30:00,48.18,12.28,0
2026-09-08 04:00:00,47.66,9.46,0
2026-09-08 04:30:00,47.43,10.91,0
2026-09-08 05:00:00,47.1,11.25,0
2026-09-08 05:30:00,46.91,12.6,0
2026-09-08 06:00:00,46.65,13.24,0
2026-09-08 06:30:00,46.51,14.54,0
2026-09-08 07:00:00,46.12,14.03,0
2026-09-08 07:30:00,45.88,15.65,0
2026-09-08 08:00:00,45.51,15.35,0
2026-09-08 08:30:00,45.33,16.83,0
2026-09-08 09:00:00,,18.51,0
2026-09-08 09:30:00,44.5,20.28,0
2026-09-08 10:00:00,44.07,21.44,0
2026-09-08 10:30:00,43.65,21.6,0
2026-09-08 11:00:00,43.3,21.89,0
2026-09-08 11:30:00,42.75,21.78,0
2026-09-08 12:00:00,42.1,23.67,0
2026-09-08 12:30:00,41.9,23.12,0
2026-09-08 13:00:00,40.93,23.42,0
2026-09-08 13:30:00,40.32,26.13,0
2026-09-08 14:00:00,40.06,23.65,0
2026-09-08 14:30:00,39.48,25.29,0
2026-09-08 15:00:00,38.94,25.29,0
2026-09-08 15:30:00,38.41,25.59,0
2026-09-08 16:00:00,37.71,24.47,0
2026-09-08 16:30:00,37.24,24.76,0
2026-09-08 17:00:00,36.68,24.54,0
2026-09-08 17:30:00,36.01,25.04,0
2026-09-08 18:00:00,35.35,22.89,0
2026-09-08 18:30:00,34.81,22.46,0
2026-09-08 19:00:00,34.33,21.65,0
2026-09-08 19:30:00,34.11,20.17,0
2026-09-08 20:00:00,33.73,20.01,0
2026-09-08 20:30:00,33.52,18.4,0
2026-09-08 21:00:00,33.06,17.16,0
2026-09-08 21:30:00,32.63,17.32,0
2026-09-08 22:00:00,32.37,16.34,0
2026-09-08 22:30:00,32.03,14.25,0
2026-09-08 23:00:00,31.68,15.27,0
2026-09-08 23:30:00,31.43,13.43,0
2026-09-09 00:00:00,31.35,13.15,0
2026-09-09 00:30:00,31.19,11.78,0
2026-09-09 01:00:00,30.97,11.05,0
2026-09-09 01:30:00,30.78,11.73,0
2026-09-09 02:00:00,30.83,10.1,0
2026-09-09 02:30:00,30.51,11.41,0
2026-09-09 03:00:00,30.2,10.45,0
2026-09-09 03:30:00,68.69,11.22,1
2026-09-09 04:00:00,68.51,11.8,0
2026-09-09 04:30:00,68.59,12.13,0
2026-09-09 05:00:00,153.14369269679406,12.17,0
2026-09-09 05:30:00,67.92,11.47,0
2026-09-09 06:00:00,67.77,12.24,0
2026-09-09 06:30:00,67.6,13.76,0
2026-09-09 07:00:00,67.07,13.29,0
2026-09-09 07:30:00,67.04,15.82,0
2026-09-09 08:00:00,66.69,16.71,0
2026-09-09 08:30:00,66.51,17.41,0
2026-09-09 09:00:00,66.37,18.33,0
2026-09-09 09:30:00,65.91,19.26,0
2026-09-09 10:00:00,65.53,20.62,0
2026-09-09 10:30:00,65.1,20.67,0
2026-09-09 11:00:00,64.45,21.97,0
2026-09-09 11:30:00,64.18,22.51,0
2026-09-09 12:00:00,63.67,23.57,0
2026-09-09 12:30:00,63.39,24.76,0
2026-09-09 13:00:00,62.92,25.77,0
2026-09-09 13:30:00,62.24,24.87,0
2026-09-09 14:00:00,61.63,24.97,0
2026-09-09 14:30:00,61.02,25.06,0
2026-09-09 15:00:00,60.46,25.23,0
2026-09-09 15:30:00,59.99,25.3,0
2026-09-09 16:00:00,59.29,24.13,0
2026-09-09 16:30:00,58.7,25.31,0
2026-09-09 17:00:00,58.13,23.41,0
2026-09-09 17:30:00,57.74,23.4,0
2026-09-09 18:00:00,57.33,21.25,0
2026-09-09 18:30:00,56.55,23.23,0
2026-09-09 19:00:00,56.15,22.15,0
2026-09-09 19:30:00,55.62,21.37,0
2026-09-09 20:00:00,54.92,20.97,0
2026-09-09 20:30:00,54.75,18.35,0
2026-09-09 21:00:00,54.28,15.92,0
2026-09-09 21:30:00,54.02,18.14,0
2026-09-09 22:00:00,54.04,17.13,0
2026-09-09 22:30:00,53.7,14.65,0
2026-09-09 23:00:00,53.78,14.45,0
2026-09-09 23:30:00,53.41,14.83,0
2026-09-10 00:00:00,53.35,13.36,0
2026-09-10 00:30:00,52.99,12.58,0
2026-09-10 01:00:00,52.95,12.71,0
2026-09-10 01:30:00,52.84,11.03,0
2026-09-10 02:00:00,52.61,11.11,0
2026-09-10 02:30:00,52.55,11.22,0
2026-09-10 03:00:00,52.41,10.73,0
2026-09-10 03:30:00,52.0,11.89,0
2026-09-10 04:00:00,51.83,10.7,0
2026-09-10 04:30:00,52.05,11.81,0
2026-09-10 05:00:00,51.85,11.58,0
2026-09-10 05:30:00,51.77,13.3,0
2026-09-10 06:00:00,51.79,12.62,0
2026-09-10 06:30:00,51.72,14.27,0
2026-09-10 07:00:00,51.33,13.19,0
2026-09-10 07:30:00,51.02,16.81,0
2026-09-10 08:00:00,50.96,16.14,0
2026-09-10 08:30:00,50.72,16.14,0
2026-09-10 09:00:00,50.61,18.15,0
2026-09-10 09:30:00,50.23,18.5,0
2026-09-10 10:00:00,50.0,19.22,0
2026-09-10 10:30:00,49.38,19.57,0
2026-09-10 11:00:00,48.85,23.8,0
2026-09-10 11:30:00,48.27,22.03,0
2026-09-10 12:00:00,47.9,22.26,0
2026-09-10 12:30:00,47.44,24.27,0
2026-09-10 13:00:00,46.93,23.37,0
2026-09-10 13:30:00,46.29,25.29,0
2026-09-10 14:00:00,45.61,25.1,0
2026-09-10 14:30:00,45.19,24.04,0
2026-09-10 15:00:00,44.63,25.35,0
2026-09-10 15:30:00,44.06,25.68,0
2026-09-10 16:00:00,43.52,26.11,0
2026-09-10 16:30:00,42.96,23.92,0
2026-09-10 17:00:00,42.64,23.96,0
2026-09-10 17:30:00,42.26,24.11,0
2026-09-10 18:00:00,41.68,23.14,0
2026-09-10 18:30:00,41.17,22.71,0
2026-09-10 19:00:00,40.89,22.13,0
2026-09-10 19:30:00,40.4,22.01,0
2026-09-10 20:00:00,39.95,18.82,0
2026-09-10 20:30:00,39.73,19.2,0
2026-09-10 21:00:00,39.14,18.58,0
2026-09-10 21:30:00,38.92,17.38,0
2026-09-10 22:00:00,39.05,15.78,0
2026-09-10 22:30:00,38.71,14.48,0
2026-09-10 23:00:00,38.47,16.39,0
2026-09-10 23:30:00,38.37,14.11,0
2026-09-11 00:00:00,38.05,13.79,0
2026-09-11 00:30:00,37.91,13.14,0
2026-09-11 01:00:00,37.61,12.73,0
2026-09-11 01:30:00,37.62,11.06,0
2026-09-11 02:00:00,37.25,10.78,0
2026-09-11 02:30:00,37.05,10.41,0
2026-09-11 03:00:00,36.67,10.66,0
2026-09-11 03:30:00,36.14,12.48,0
2026-09-11 04:00:00,35.72,14.15,0
2026-09-11 04:30:00,35.32,10.55,0
2026-09-11 05:00:00,34.86,11.78,0
2026-09-11 05:30:00,34.63,11.33,0
2026-09-11 06:00:00,34.68,14.07,0
2026-09-11 06:30:00,34.51,13.78,0
2026-09-11 07:00:00,34.08,14.4,0
2026-09-11 07:30:00,33.8,14.43,0
2026-09-11 08:00:00,33.61,17.86,0
2026-09-11 08:30:00,33.4,17.91,0
2026-09-11 09:00:00,33.08,17.64,0
2026-09-11 09:30:00,32.74,18.93,0
2026-09-11 10:00:00,32.7,18.83,0
2026-09-11 10:30:00,32.4,21.33,0
2026-09-11 11:00:00,31.72,22.37,0
2026-09-11 11:30:00,31.37,22.2,0
2026-09-11 12:00:00,30.96,22.68,0
2026-09-11 12:30:00,30.2,22.21,0
2026-09-11 13:00:00,68.24,24.59,1
2026-09-11 13:30:00,67.68,24.38,0
2026-09-11 14:00:00,67.13,24.88,0
2026-09-11 14:30:00,66.68,25.67,0
2026-09-11 15:00:00,66.14,25.68,0
2026-09-11 15:30:00,65.57,25.45,0
2026-09-11 16:00:00,65.19,24.61,0
2026-09-11 16:30:00,64.64,24.83,0
2026-09-11 17:00:00,64.39,24.21,0
2026-09-11 17:30:00,63.98,23.36,0
2026-09-11 18:00:00,63.25,23.21,0
2026-09-11 18:30:00,62.68,24.18,0
2026-09-11 19:00:00,62.41,21.54,0
2026-09-11 19:30:00,61.89,21.5,0
2026-09-11 20:00:00,61.48,18.68,0
2026-09-11 20:30:00,61.0,19.8,0
2026-09-11 21:00:00,60.73,17.77,0
2026-09-11 21:30:00,60.45,16.41,0
2026-09-11 22:00:00,60.2,15.33,0
2026-09-11 22:30:00,59.86,15.23,0
2026-09-11 23:00:00,59.86,15.37,0
2026-09-11 23:30:00,59.61,13.34,0
2026-09-12 00:00:00,59.27,13.3,0
2026-09-12 00:30:00,59.15,13.7,0
2026-09-12 01:00:00,58.79,12.73,0
2026-09-12 01:30:00,58.43,13.06,0
2026-09-12 02:00:00,58.11,11.6,0
2026-09-12 02:30:00,57.93,11.92,0
2026-09-12 03:00:00,57.78,11.55,0
2026-09-12 03:30:00,57.53,12.53,0
2026-09-12 04:00:00,57.44,11.12,0
2026-09-12 04:30:00,57.26,10.01,0
2026-09-12 05:00:00,57.0,12.41,0
2026-09-12 05:30:00,56.9,13.53,0
2026-09-12 06:00:00,56.56,12.66,0
2026-09-12 06:30:00,56.11,14.88,0
2026-09-12 07:00:00,55.9,13.4,0
2026-09-12 07:30:00,55.87,16.21,0
2026-09-12 08:00:00,55.69,15.87,0
2026-09-12 08:30:00,55.43,17.04,0
2026-09-12 09:00:00,55.06,17.67,0
2026-09-12 09:30:00,54.71,18.55,0
2026-09-12 10:00:00,54.54,20.23,0
2026-09-12 10:30:00,53.97,21.2,0
2026-09-12 11:00:00,53.44,21.09,0
2026-09-12 11:30:00,53.12,22.0,0
2026-09-12 12:00:00,52.5,22.51,0
2026-09-12 12:30:00,52.24,24.23,0
2026-09-12 13:00:00,51.64,24.34,0
2026-09-12 13:30:00,51.12,24.61,0
2026-09-12 14:00:00,50.67,24.67,0
2026-09-12 14:30:00,50.24,24.86,0
2026-09-12 15:00:00,49.8,25.57,0
2026-09-12 15:30:00,49.32,24.23,0
2026-09-12 16:00:00,48.73,25.12,0
2026-09-12 16:30:00,48.37,24.58,0
2026-09-12 17:00:00,47.76,25.82,0
2026-09-12 17:30:00,47.05,24.06,0
2026-09-12 18:00:00,46.87,23.87,0
2026-09-12 18:30:00,46.42,22.66,0
2026-09-12 19:00:00,45.97,22.13,0
2026-09-12 19:30:00,45.21,21.06,0
2026-09-12 20:00:00,44.95,19.33,0
2026-09-12 20:30:00,44.52,18.98,0
2026-09-12 21:00:00,44.03,18.44,0
2026-09-12 21:30:00,43.9,16.66,0
2026-09-12 22:00:00,43.33,16.28,0
2026-09-12 22:30:00,43.25,15.93,0
2026-09-12 23:00:00,43.22,14.39,0
2026-09-12 23:30:00,43.26,13.35,0
2026-09-13 00:00:00,42.93,13.79,0
2026-09-13 00:30:00,42.78,13.96,0
2026-09-13 01:00:00,42.34,12.7,0
2026-09-13 01:30:00,42.09,10.54,0
2026-09-13 02:00:00,42.05,11.89,0
2026-09-13 02:30:00,41.81,12.13,0
2026-09-13 03:00:00,41.55,12.03,0
2026-09-13 03:30:00,41.18,12.17,0
2026-09-13 04:00:00,41.0,12.26,0
2026-09-13 04:30:00,40.92,11.99,0
2026-09-13 05:00:00,40.75,12.77,0
2026-09-13 05:30:00,40.08,12.88,0
2026-09-13 06:00:00,39.72,13.31,0
2026-09-13 06:30:00,39.5,14.26,0
2026-09-13 07:00:00,39.35,15.23,0
2026-09-13 07:30:00,39.41,16.68,0
2026-09-13 08:00:00,39.15,17.21,0
2026-09-13 08:30:00,38.9,18.47,0
2026-09-13 09:00:00,38.67,18.07,0
2026-09-13 09:30:00,38.26,20.03,0
2026-09-13 10:00:00,37.84,19.71,0
2026-09-13 10:30:00,37.42,20.65,0
2026-09-13 11:00:00,37.14,22.77,0
2026-09-13 11:30:00,36.75,21.41,0
2026-09-13 12:00:00,36.2,23.71,0
2026-09-13 12:30:00,35.73,23.14,0
2026-09-13 13:00:00,35.24,23.68,0
2026-09-13 13:30:00,34.53,25.43,0
2026-09-13 14:00:00,33.82,24.85,0
2026-09-13 14:30:00,33.28,24.73,0
2026-09-13 15:00:00,32.87,24.12,0
2026-09-13 15:30:00,32.08,25.75,0
2026-09-13 16:00:00,31.41,24.99,0
2026-09-13 16:30:00,30.79,25.36,0
2026-09-13 17:00:00,30.21,24.74,0
2026-09-13 17:30:00,73.6,22.23,1
2026-09-13 18:00:00,73.07,22.96,0
2026-09-13 18:30:00,72.49,23.0,0
2026-09-13 19:00:00,71.88,20.33,0
2026-09-13 19:30:00,71.76,21.58,0
2026-09-13 20:00:00,71.4,20.86,0
2026-09-13 20:30:00,70.96,19.36,0
2026-09-13 21:00:00,70.49,19.21,0
2026-09-13 21:30:00,70.07,17.2,0
2026-09-13 22:00:00,69.64,16.21,0
2026-09-13 22:30:00,69.3,16.64,0
2026-09-13 23:00:00,69.17,14.84,0
2026-09-13 23:30:00,68.93,15.53,0
2026-09-14 00:00:00,68.51,13.61,0
2026-09-14 00:30:00,68.11,13.98,0
2026-09-14 01:00:00,67.66,12.03,0
2026-09-14 01:30:00,67.71,11.92,0
2026-09-14 02:00:00,67.48,11.63,0
2026-09-14 02:30:00,67.21,10.69,0
2026-09-14 03:00:00,67.03,11.37,0
2026-09-14 03:30:00,66.86,11.25,0
2026-09-14 04:00:00,66.38,11.61,0
2026-09-14 04:30:00,66.31,11.72,0
2026-09-14 05:00:00,65.95,12.26,0
2026-09-14 05:30:00,65.62,12.47,0
2026-09-14 06:00:00,65.54,12.46,0
2026-09-14 06:30:00,65.41,15.03,0
2026-09-14 07:00:00,127.52645166368039,14.44,0
2026-09-14 07:30:00,64.59,17.12,0
2026-09-14 08:00:00,64.44,16.51,0
2026-09-14 08:30:00,63.92,18.1,0
2026-09-14 09:00:00,63.32,18.31,0
2026-09-14 09:30:00,63.24,19.22,0
2026-09-14 10:00:00,62.71,19.2,0
2026-09-14 10:30:00,62.43,21.43,0
2026-09-14 11:00:00,61.95,22.91,0
2026-09-14 11:30:00,61.42,22.51,0
2026-09-14 12:00:00,60.8,24.1,0
2026-09-14 12:30:00,60.13,24.81,0
2026-09-14 13:00:00,59.48,23.8,0
2026-09-14 13:30:00,58.49,24.56,0
2026-09-14 14:00:00,,24.77,0
2026-09-14 14:30:00,57.68,26.21,0
2026-09-14 15:00:00,57.02,25.3,0
2026-09-14 15:30:00,,26.97,0
2026-09-14 16:00:00,55.53,23.88,0
2026-09-14 16:30:00,55.04,25.07,0
2026-09-14 17:00:00,54.31,25.14,0
2026-09-14 17:30:00,54.04,23.84,0
2026-09-14 18:00:00,53.65,23.59,0
2026-09-14 18:30:00,53.21,23.64,0
2026-09-14 19:00:00,53.03,22.55,0
2026-09-14 19:30:00,52.64,21.4,0
2026-09-14 20:00:00,,19.59,0
2026-09-14 20:30:00,51.98,20.57,0
2026-09-14 21:00:00,51.8,20.43,0
2026-09-14 21:30:00,51.43,16.82,0
2026-09-14 22:00:00,51.32,16.18,0
2026-09-14 22:30:00,51.21,16.09,0
2026-09-14 23:00:00,51.21,15.23,0
2026-09-14 23:30:00,51.02,13.73,0
2026-09-15 00:00:00,51.13,13.47,0
2026-09-15 00:30:00,51.14,12.78,0
2026-09-15 01:00:00,50.98,11.99,0
2026-09-15 01:30:00,50.66,12.57,0
2026-09-15 02:00:00,50.33,12.37,0
2026-09-15 02:30:00,49.92,11.61,0
2026-09-15 03:00:00,49.56,9.82,0
2026-09-15 03:30:00,49.37,11.52,0
2026-09-15 04:00:00,49.2,13.15,0
2026-09-15 04:30:00,49.12,12.0,0
2026-09-15 05:00:00,48.6,11.88,0
2026-09-15 05:30:00,48.47,14.14,0
2026-09-15 06:00:00,48.29,14.6,0
2026-09-15 06:30:00,48.27,14.88,0
2026-09-15 07:00:00,47.93,16.3,0
2026-09-15 07:30:00,47.52,14.61,0
2026-09-15 08:00:00,46.98,15.61,0
2026-09-15 08:30:00,46.61,17.63,0
2026-09-15 09:00:00,46.31,17.91,0
2026-09-15 09:30:00,45.72,19.2,0
2026-09-15 10:00:00,45.32,20.32,0
2026-09-15 10:30:00,44.96,20.59,0
2026-09-15 11:00:00,44.22,22.61,0
2026-09-15 11:30:00,43.67,22.55,0
2026-09-15 12:00:00,43.07,23.64,0
2026-09-15 12:30:00,42.75,25.23,0
2026-09-15 13:00:00,42.15,24.67,0
2026-09-15 13:30:00,41.74,25.27,0
2026-09-15 14:00:00,41.06,25.47,0
2026-09-15 14:30:00,40.42,25.66,0
2026-09-15 15:00:00,39.81,25.51,0
2026-09-15 15:30:00,39.47,24.26,0
2026-09-15 16:00:00,38.86,25.08,0
2026-09-15 16:30:00,37.99,26.3,0
2026-09-15 17:00:00,37.49,24.54,0
2026-09-15 17:30:00,37.09,24.64,0
2026-09-15 18:00:00,36.33,22.46,0
2026-09-15 18:30:00,35.91,23.3,0
2026-09-15 19:00:00,35.62,21.48,0
2026-09-15 19:30:00,35.02,22.76,0
2026-09-15 20:00:00,34.73,19.66,0
2026-09-15 20:30:00,34.27,20.07,0
2026-09-15 21:00:00,33.91,19.38,0
2026-09-15 21:30:00,,18.64,0
2026-09-15 22:00:00,33.31,15.06,0
2026-09-15 22:30:00,33.07,14.93,0
2026-09-15 23:00:00,32.74,15.23,0
2026-09-15 23:30:00,32.69,13.88,0
2026-09-16 00:00:00,32.38,14.01,0
2026-09-16 00:30:00,32.43,12.93,0
2026-09-16 01:00:00,32.08,12.05,0
2026-09-16 01:30:00,31.87,12.37,0
2026-09-16 02:00:00,31.64,11.12,0
2026-09-16 02:30:00,31.43,11.84,0
2026-09-16 03:00:00,30.98,12.68,0
2026-09-16 03:30:00,30.65,11.79,0
2026-09-16 04:00:00,30.66,13.21,0
2026-09-16 04:30:00,30.58,10.69,0
2026-09-16 05:00:00,,12.89,0
2026-09-16 05:30:00,30.35,10.84,0
2026-09-16 06:00:00,,14.03,1
2026-09-16 06:30:00,73.9,13.46,0
2026-09-16 07:00:00,73.74,15.19,0
2026-09-16 07:30:00,73.54,14.95,0
2026-09-16 08:00:00,73.24,16.85,0
2026-09-16 08:30:00,72.73,17.31,0
2026-09-16 09:00:00,72.66,18.11,0
2026-09-16 09:30:00,72.3,20.79,0
2026-09-16 10:00:00,71.9,21.08,0
2026-09-16 10:30:00,71.4,21.71,0
2026-09-16 11:00:00,71.09,21.46,0
2026-09-16 11:30:00,70.67,20.95,0
2026-09-16 12:00:00,70.26,24.21,0
2026-09-16 12:30:00,69.64,23.67,0
2026-09-16 13:00:00,69.14,25.01,0
2026-09-16 13:30:00,68.5,25.53,0
2026-09-16 14:00:00,67.99,25.97,0
2026-09-16 14:30:00,67.34,25.58,0
2026-09-16 15:00:00,66.67,26.02,0
2026-09-16 15:30:00,66.04,25.87,0
2026-09-16 16:00:00,65.44,26.39,0
2026-09-16 16:30:00,64.8,25.35,0
2026-09-16 17:00:00,63.97,24.58,0
2026-09-16 17:30:00,63.18,26.17,0
2026-09-16 18:00:00,62.69,24.13,0
2026-09-16 18:30:00,61.98,21.09,0
2026-09-16 19:00:00,61.43,22.06,0
2026-09-16 19:30:00,61.18,22.27,0
2026-09-16 20:00:00,60.54,21.0,0
2026-09-16 20:30:00,60.17,18.85,0
2026-09-16 21:00:00,59.79,19.18,0
2026-09-16 21:30:00,59.49,18.5,0
2026-09-16 22:00:00,59.02,17.84,0
2026-09-16 22:30:00,58.79,15.57,0
2026-09-16 23:00:00,58.46,15.64,0
2026-09-16 23:30:00,58.33,14.69,0
2026-09-17 00:00:00,58.53,13.65,0
2026-09-17 00:30:00,58.06,14.0,0
2026-09-17 01:00:00,57.78,13.12,0
2026-09-17 01:30:00,57.52,11.7,0
2026-09-17 02:00:00,57.39,11.52,0
2026-09-17 02:30:00,57.26,12.1,0
2026-09-17 03:00:00,57.08,10.25,0
2026-09-17 03:30:00,56.97,11.38,0
2026-09-17 04:00:00,56.99,12.9,0
2026-09-17 04:30:00,56.55,12.41,0
2026-09-17 05:00:00,56.25,12.52,0
2026-09-17 05:30:00,56.16,12.38,0
2026-09-17 06:00:00,55.97,14.22,0
2026-09-17 06:30:00,55.59,14.51,0
2026-09-17 07:00:00,55.27,15.8,0
2026-09-17 07:30:00,173.5253563681614,16.45,0
2026-09-17 08:00:00,55.12,15.59,0
2026-09-17 08:30:00,54.55,17.99,0
2026-09-17 09:00:00,54.28,18.72,0
2026-09-17 09:30:00,53.7,19.48,0
2026-09-17 10:00:00,53.35,19.56,0
2026-09-17 10:30:00,52.81,20.85,0
2026-09-17 11:00:00,52.57,20.2,0
2026-09-17 11:30:00,52.14,24.4,0
2026-09-17 12:00:00,51.63,24.13,0
2026-09-17 12:30:00,51.63,24.62,0
2026-09-17 13:00:00,51.63,25.1,0
2026-09-17 13:30:00,51.63,26.06,0
2026-09-17 14:00:00,51.63,24.24,0
2026-09-17 14:30:00,51.63,25.51,0
2026-09-17 15:00:00,51.63,25.98,0
2026-09-17 15:30:00,51.63,26.09,0
2026-09-17 16:00:00,51.63,26.42,0
2026-09-17 16:30:00,51.63,25.67,0
2026-09-17 17:00:00,51.63,24.94,0
2026-09-17 17:30:00,51.63,23.83,0
2026-09-17 18:00:00,51.63,24.2,0
2026-09-17 18:30:00,51.63,22.73,0
2026-09-17 19:00:00,51.63,21.56,0
2026-09-17 19:30:00,51.63,22.01,0
2026-09-17 20:00:00,51.63,20.93,0
2026-09-17 20:30:00,51.63,20.92,0
2026-09-17 21:00:00,51.63,19.52,0
2026-09-17 21:30:00,41.58,18.84,0
2026-09-17 22:00:00,41.16,17.25,0
2024-08-20 22:30:00,40.76,15.82,0
2026-09-17 23:00:00,40.6,17.25,0
2026-09-17 23:30:00,40.5,14.9,0
2026-09-18 00:00:00,40.35,14.74,0
2026-09-18 00:30:00,40.11,13.51,0
2026-09-18 01:00:00,39.91,13.24,0
2026-09-18 01:30:00,39.61,12.19,0
2026-09-18 02:00:00,39.41,11.72,0
2026-09-18 02:30:00,39.64,11.81,0
2026-09-18 03:00:00,39.34,11.18,0
2026-09-18 03:30:00,39.33,11.91,0
2026-09-18 04:00:00,39.08,12.71,0
2026-09-18 04:30:00,38.9,12.22,0
2026-09-18 05:00:00,38.75,13.44,0
2026-09-18 05:30:00,38.24,13.15,0
2026-09-18 06:00:00,37.88,13.29,0
2026-09-18 06:30:00,37.56,14.56,0
2026-09-18 07:00:00,37.48,15.52,0
2026-09-18 07:30:00,37.14,14.63,0
2026-09-18 08:00:00,36.9,16.84,0
2026-09-18 08:30:00,36.8,17.35,0
2026-09-18 09:00:00,36.29,19.02,0
2026-09-18 09:30:00,36.15,20.3,0
2026-09-18 10:00:00,35.78,20.91,0
2026-09-18 10:30:00,35.29,22.02,0
2026-09-18 11:00:00,35.04,22.51,0
2026-09-18 11:30:00,34.44,24.65,0
2026-09-18 12:00:00,33.97,23.7,0
2026-09-18 12:30:00,33.24,23.54,0
2026-09-18 13:00:00,32.74,24.52,0
2026-09-18 13:30:00,32.31,25.51,0
2026-09-18 14:00:00,31.78,26.13,0
2026-09-18 14:30:00,31.11,27.09,0
2026-09-18 15:00:00,30.4,25.62,0
2026-09-18 15:30:00,69.58,25.91,1
2026-09-18 16:00:00,68.68,25.91,0
2026-09-18 16:30:00,68.1,24.5,0
2026-09-18 17:00:00,67.54,24.98,0
2026-09-18 17:30:00,67.04,25.87,0
2026-09-18 18:00:00,66.7,24.45,0
2026-09-18 18:30:00,66.08,23.22,0
2026-09-18 19:00:00,65.45,22.7,0
2026-09-18 19:30:00,64.99,21.79,0
2026-09-18 20:00:00,64.65,20.16,0
2026-09-18 20:30:00,64.1,19.19,0
2026-09-18 21:00:00,63.81,18.73,0
2026-09-18 21:30:00,63.34,17.08,0
2026-09-18 22:00:00,62.92,16.69,0
2026-09-18 22:30:00,62.67,16.8,0
2026-09-18 23:00:00,62.49,15.32,0
2026-09-18 23:30:00,62.19,14.63,0
2026-09-19 00:00:00,62.1,14.24,0
2026-09-19 00:30:00,61.74,13.22,0
2026-09-19 01:00:00,61.73,13.72,0
2026-09-19 01:30:00,61.62,11.54,0
2026-09-19 02:00:00,61.17,12.15,0
2026-09-19 02:30:00,60.88,12.33,0
2026-09-19 03:00:00,60.77,11.11,0
2026-09-19 03:30:00,60.24,12.23,0
2026-09-19 04:00:00,59.83,13.03,0
2026-09-19 04:30:00,59.75,10.66,0
2026-09-19 05:00:00,59.28,13.1,0
2026-09-19 05:30:00,59.07,13.69,0
2026-09-19 06:00:00,58.92,13.74,0
2026-09-19 06:30:00,58.68,15.31,0
2026-09-19 07:00:00,58.55,15.61,0
2026-09-19 07:30:00,58.12,16.61,0
2026-09-19 08:00:00,57.9,17.71,0
2026-09-19 08:30:00,57.3,16.73,0
2026-09-19 09:00:00,56.97,19.66,0
2026-09-19 09:30:00,56.71,21.38,0
2026-09-19 10:00:00,56.06,20.89,0
2026-09-19 10:30:00,55.65,22.21,0
2026-09-19 11:00:00,55.26,23.28,0
2026-09-19 11:30:00,54.81,23.31,0
2026-09-19 12:00:00,54.39,23.43,0
2026-09-19 12:30:00,53.9,25.9,0
2026-09-19 13:00:00,53.54,25.78,0
2026-09-19 13:30:00,53.01,24.8,0
2026-09-19 14:00:00,52.73,25.61,0
2026-09-19 14:30:00,52.11,26.1,0
2026-09-19 15:00:00,51.45,26.31,0
2026-09-19 15:30:00,50.9,24.68,0
2026-09-19 16:00:00,50.15,26.68,0
2026-09-19 16:30:00,49.83,25.32,0
2026-09-19 17:00:00,49.3,24.14,0
2026-09-19 17:30:00,48.86,22.56,0
2026-09-19 18:00:00,48.63,24.36,0
2026-09-19 18:30:00,48.46,22.78,0
2026-09-19 19:00:00,47.9,22.58,0
2026-09-19 19:30:00,47.52,21.1,0
2026-09-19 20:00:00,46.98,21.37,0
2026-09-19 20:30:00,46.28,21.87,0
2026-09-19 21:00:00,45.83,19.36,0
2026-09-19 21:30:00,45.45,17.78,0
2026-09-19 22:00:00,45.19,16.09,0
2026-09-19 22:30:00,44.84,16.25,0
2026-09-19 23:00:00,44.38,16.96,0
2026-09-19 23:30:00,44.13,14.36,0
2026-09-20 00:00:00,43.72,12.65,0
2026-09-20 00:30:00,43.42,13.07,0
2026-09-20 01:00:00,43.12,13.14,0
2026-09-20 01:30:00,42.78,13.28,0
2026-09-20 02:00:00,42.33,10.87,0
2026-09-20 02:30:00,41.73,9.91,0
2026-09-20 03:00:00,41.42,12.53,0
2026-09-20 03:30:00,41.12,12.23,0
2026-09-20 04:00:00,40.91,13.48,0
2026-09-20 04:30:00,40.76,12.81,0
2026-09-20 05:00:00,40.52,14.35,0
2026-09-20 05:30:00,40.33,12.45,0
2026-09-20 06:00:00,40.17,14.73,0
2026-09-20 06:30:00,39.86,16.19,0
2026-09-20 07:00:00,39.57,15.93,0
2026-09-20 07:30:00,39.38,16.14,0
2026-09-20 08:00:00,39.06,18.63,0
2026-09-20 08:30:00,38.62,18.64,0
2026-09-20 09:00:00,38.13,17.24,0
2026-09-20 09:30:00,37.69,20.82,0
2026-09-20 10:00:00,37.37,19.91,0
2026-09-20 10:30:00,36.7,22.0,0
2026-09-20 11:00:00,36.16,21.92,0
2026-09-20 11:30:00,35.66,23.65,0
2026-09-20 12:00:00,35.22,24.23,0
2026-09-20 12:30:00,34.9,24.67,0
2026-09-20 13:00:00,34.49,24.9,0
2026-09-20 13:30:00,33.96,26.03,0
2026-09-20 14:00:00,33.25,25.83,0
2026-09-20 14:30:00,32.61,25.66,0
2026-09-20 15:00:00,31.91,25.6,0
2026-09-20 15:30:00,31.32,27.51,0
2026-09-20 16:00:00,30.68,24.86,0
2026-09-20 16:30:00,30.22,23.65,0
2026-09-20 17:00:00,72.7,24.75,1
2026-09-20 17:30:00,72.01,24.33,0
2026-09-20 18:00:00,71.53,24.53,0
2026-09-20 18:30:00,70.86,23.26,0
2026-09-20 19:00:00,70.56,22.07,0
2026-09-20 19:30:00,70.29,21.57,0
2026-09-20 20:00:00,69.81,21.24,0
2026-09-20 20:30:00,69.32,19.35,0
2026-09-20 21:00:00,69.25,19.93,0
2026-09-20 21:30:00,69.09,18.24,0
2026-09-20 22:00:00,68.68,16.45,0
2026-09-20 22:30:00,68.45,17.31,0
2026-09-20 23:00:00,68.36,16.41,0
2026-09-20 23:30:00,68.03,15.49,0
2026-09-21 00:00:00,67.59,15.22,0
2026-09-21 00:30:00,67.47,12.61,0
2026-09-21 01:00:00,67.23,11.75,0
2026-09-21 01:30:00,66.97,13.39,0
2026-09-21 02:00:00,66.52,11.64,0
2026-09-21 02:30:00,66.37,13.34,0
2026-09-21 03:00:00,66.02,11.23,0
2026-09-21 03:30:00,65.92,12.99,0
2026-09-21 04:00:00,65.55,11.14,0
2026-09-21 04:30:00,65.08,12.06,0
2026-09-21 05:00:00,64.95,13.98,0
2026-09-21 05:30:00,64.64,13.63,0
2026-09-21 06:00:00,64.49,13.82,0
2026-09-21 06:30:00,64.34,14.93,0
2026-09-21 07:00:00,64.02,16.08,0
2026-09-21 07:30:00,63.36,16.17,0
2026-09-21 08:00:00,62.89,17.47,0
2026-09-21 08:30:00,62.45,17.79,0
2026-09-21 09:00:00,62.17,19.84,0
2026-09-21 09:30:00,62.09,20.29,0
2026-09-21 10:00:00,61.86,20.93,0
2026-09-21 10:30:00,61.37,22.83,0
2026-09-21 11:00:00,60.69,22.22,0
2026-09-21 11:30:00,60.4,23.91,0
2026-09-21 12:00:00,59.74,24.58,0
2026-09-21 12:30:00,59.24,25.3,0
2026-09-21 13:00:00,58.43,24.06,0
2026-09-21 13:30:00,57.75,24.87,0
2026-09-21 14:00:00,57.32,25.68,0
2026-09-21 14:30:00,56.7,25.09,0
2026-09-21 15:00:00,55.87,26.38,0
2026-09-21 15:30:00,55.51,25.97,0
2026-09-21 16:00:00,55.01,26.47,0
2026-09-21 16:30:00,54.51,25.53,0
2026-09-21 17:00:00,53.89,24.67,0
2026-09-21 17:30:00,53.17,24.4,0
2026-09-21 18:00:00,52.87,22.66,0
2026-09-21 18:30:00,52.18,22.73,0
2025-10-16 19:00:00,51.65,23.33,0
2026-09-21 19:30:00,50.96,22.15,0
2026-09-21 20:00:00,50.45,20.7,0
2026-09-21 20:30:00,50.21,19.84,0
2026-09-21 21:00:00,49.92,17.81,0
2026-09-21 21:30:00,49.47,18.19,0
2026-09-21 22:00:00,49.28,15.85,0
2026-09-21 22:30:00,49.19,15.53,0
2026-09-21 23:00:00,48.78,14.98,0
2026-09-21 23:30:00,48.41,16.43,0
2026-09-22 00:00:00,47.94,14.87,0
2026-09-22 00:30:00,47.63,13.8,0
2026-09-22 01:00:00,47.39,12.92,0
2026-09-22 01:30:00,47.28,12.79,0
2026-09-22 02:00:00,47.13,10.46,0
2026-09-22 02:30:00,47.07,11.22,0
2026-09-22 03:00:00,47.02,13.9,0
2026-09-22 03:30:00,46.7,13.01,0
2026-09-22 04:00:00,46.63,12.14,0
2026-09-22 04:30:00,46.58,13.67,0
2026-09-22 05:00:00,46.28,12.2,0
2026-09-22 05:30:00,45.96,14.14,0
2026-09-22 06:00:00,45.74,15.09,0
2026-09-22 06:30:00,45.43,15.97,0
2026-09-22 07:00:00,45.03,15.24,0
2026-09-22 07:30:00,44.82,16.1,0
2026-09-22 08:00:00,44.67,17.26,0
2026-09-22 08:30:00,44.57,18.11,0
2026-09-22 09:00:00,44.54,19.21,0
2026-09-22 09:30:00,44.44,19.98,0
2026-09-22 10:00:00,43.73,22.54,0
2026-09-22 10:30:00,43.24,22.45,0
2026-09-22 11:00:00,42.88,23.84,0
2026-09-22 11:30:00,42.59,24.28,0
2026-09-22 12:00:00,,24.09,0
2026-09-22 12:30:00,41.56,25.63,0
2026-09-22 13:00:00,40.9,24.77,0
2026-09-22 13:30:00,137.155781358428,25.86,0
2026-09-22 14:00:00,39.69,26.62,0
2026-09-22 14:30:00,39.18,27.22,0
2026-09-22 15:00:00,38.44,27.13,0
2026-09-22 15:30:00,37.89,25.7,0
2026-09-22 16:00:00,37.22,25.88,0
2026-09-22 16:30:00,36.84,25.61,0
2026-09-22 17:00:00,36.1,25.47,0
2026-09-22 17:30:00,35.52,24.89,0
2026-09-22 18:00:00,35.11,24.79,0
2026-09-22 18:30:00,34.46,23.51,0
2026-09-22 19:00:00,33.95,22.59,0
2026-09-22 19:30:00,33.69,20.9,0
2026-09-22 20:00:00,33.45,21.97,0
2026-09-22 20:30:00,33.26,20.22,0
2026-09-22 21:00:00,32.95,18.34,0
2026-09-22 21:30:00,32.56,18.64,0
2026-09-22 22:00:00,32.1,17.97,0
2026-09-22 22:30:00,31.96,16.97,0
2026-09-22 23:00:00,31.94,14.56,0
2026-09-22 23:30:00,31.67,15.38,0
2026-09-23 00:00:00,31.52,14.01,0
2026-09-23 00:30:00,31.51,13.69,0
2026-09-23 01:00:00,31.3,13.42,0
2026-09-23 01:30:00,30.89,12.36,0
2026-09-23 02:00:00,31.0,11.46,0
2026-09-23 02:30:00,30.96,11.69,0
2026-09-23 03:00:00,30.58,12.17,0
2026-09-23 03:30:00,30.73,13.49,0
2026-09-23 04:00:00,30.68,12.92,0
2026-09-23 04:30:00,30.39,13.55,0
2026-09-23 05:00:00,30.15,13.55,0
2026-09-23 05:30:00,75.1,12.32,1
2026-09-23 06:00:00,75.06,13.82,0
2026-09-23 06:30:00,74.79,15.1,0
2026-09-23 07:00:00,74.53,15.35,0
2026-09-23 07:30:00,181.4026271764477,16.89,0
2026-09-23 08:00:00,73.7,18.88,0
2026-09-23 08:30:00,73.16,18.87,0
2026-09-23 09:00:00,72.79,19.19,0
2026-09-23 09:30:00,72.59,20.5,0
2026-09-23 10:00:00,71.91,20.06,0
2026-09-23 10:30:00,71.32,22.28,0
2026-09-23 11:00:00,70.82,22.24,0
2026-09-23 11:30:00,70.38,23.18,0
2026-09-23 12:00:00,70.01,25.29,0
2026-09-23 12:30:00,69.35,24.83,0
2026-09-23 13:00:00,68.72,26.06,0
2026-09-23 13:30:00,68.25,25.57,0
2026-09-23 14:00:00,67.51,25.84,0
2026-09-23 14:30:00,66.91,26.52,0
2026-09-23 15:00:00,66.38,27.1,0
2026-09-23 15:30:00,65.44,26.96,0
2026-09-23 16:00:00,65.03,25.7,0
2026-09-23 16:30:00,64.16,25.06,0
2026-09-23 17:00:00,63.64,25.52,0
2026-09-23 17:30:00,62.93,23.95,0
2026-09-23 18:00:00,62.35,24.31,0
2026-09-23 18:30:00,62.18,21.79,0
2026-09-23 19:00:00,61.68,23.28,0
2026-09-23 19:30:00,61.09,22.28,0
2026-09-23 20:00:00,60.68,21.77,0
2026-09-23 20:30:00,60.09,19.94,0
2026-09-23 21:00:00,59.68,20.07,0
2026-09-23 21:30:00,59.55,18.92,0
2026-09-23 22:00:00,59.34,17.33,0
2026-09-23 22:30:00,59.03,15.16,0
2026-09-23 23:00:00,58.71,15.54,0
2026-09-23 23:30:00,58.71,15.92,0
2026-09-24 00:00:00,58.62,14.9,0
2026-09-24 00:30:00,58.62,13.93,0
2026-09-24 01:00:00,58.18,13.05,0
2026-09-24 01:30:00,58.07,13.29,0
2026-09-24 02:00:00,58.07,12.55,0
2026-09-24 02:30:00,57.61,14.21,0
2026-09-24 03:00:00,57.52,12.88,0
2026-09-24 03:30:00,57.44,14.36,0
2026-09-24 04:00:00,57.09,12.59,0
2026-09-24 04:30:00,57.02,13.5,0
2026-09-24 05:00:00,56.88,13.33,0
2026-09-24 05:30:00,56.68,14.76,0
2026-09-24 06:00:00,56.52,14.4,0
2026-09-24 06:30:00,56.24,16.98,0
2026-09-24 07:00:00,56.18,16.14,0
2026-09-24 07:30:00,55.84,16.83,0
2026-09-24 08:00:00,55.64,17.55,0
2026-09-24 08:30:00,55.21,18.42,0
2026-09-24 09:00:00,54.97,19.04,0
2026-09-24 09:30:00,54.68,20.6,0
2026-09-24 10:00:00,54.2,20.96,0
2026-09-24 10:30:00,53.8,22.28,0
2026-09-24 11:00:00,53.3,23.1,0
2026-09-24 11:30:00,52.94,22.6,0
2026-09-24 12:00:00,52.16,26.55,0
2026-09-24 12:30:00,51.75,25.25,0
2026-09-24 13:00:00,51.39,24.25,0
2026-09-24 13:30:00,50.62,24.83,0
2026-09-24 14:00:00,50.22,25.77,0
2026-09-24 14:30:00,49.45,27.71,0
2026-09-24 15:00:00,48.9,26.39,0
2026-09-24 15:30:00,48.56,25.3,0
2026-09-24 16:00:00,48.07,25.85,0
2026-09-24 16:30:00,47.29,25.64,0
2026-09-24 17:00:00,46.72,24.82,0
2026-09-24 17:30:00,46.22,25.63,0
2026-09-24 18:00:00,45.61,24.62,0
2026-09-24 18:30:00,45.21,23.61,0
2026-09-24 19:00:00,44.63,23.44,0
2026-09-24 19:30:00,44.14,21.91,0
2026-09-24 20:00:00,43.56,22.19,0
2026-09-24 20:30:00,43.37,20.8,0
2026-09-24 21:00:00,43.07,20.25,0
2026-09-24 21:30:00,42.63,18.59,0
2026-09-24 22:00:00,42.49,17.62,0
2026-09-24 22:30:00,42.2,16.5,0
2026-09-24 23:00:00,41.72,15.75,0
2026-09-24 23:30:00,41.57,15.49,0
2026-09-25 00:00:00,41.35,14.5,0
2026-09-25 00:30:00,41.03,13.99,0
2026-09-25 01:00:00,40.96,13.24,0
2026-09-25 01:30:00,41.01,12.69,0
2026-09-25 02:00:00,40.9,12.3,0
2026-09-25 02:30:00,40.61,12.61,0
2026-09-25 03:00:00,40.32,12.8,0
2026-09-25 03:30:00,40.04,13.7,0
2026-09-25 04:00:00,39.68,12.47,0
2026-09-25 04:30:00,39.32,13.56,0
2026-09-25 05:00:00,38.79,14.19,0
2026-09-25 05:30:00,38.2,13.54,0
2026-09-25 06:00:00,38.13,13.91,0
2026-09-25 06:30:00,37.87,15.4,0
2026-09-25 07:00:00,37.71,16.54,0
2026-09-25 07:30:00,37.76,16.6,0
2026-09-25 08:00:00,37.2,16.6,0
2026-09-25 08:30:00,36.49,18.43,0
2026-09-25 09:00:00,36.21,19.94,0
2026-09-25 09:30:00,35.91,18.94,0
2026-09-25 10:00:00,35.31,20.68,0
2026-09-25 10:30:00,34.71,24.07,0
2026-09-25 11:00:00,33.96,22.86,0
2026-09-25 11:30:00,33.48,23.25,0
2026-09-25 12:00:00,32.68,24.8,0
2026-09-25 12:30:00,31.97,24.59,0
2026-09-25 13:00:00,31.47,24.94,0
2026-09-25 13:30:00,30.66,26.85,0
2026-09-25 14:00:00,75.83,26.47,1
2026-09-25 14:30:00,75.24,27.03,0
2026-09-25 15:00:00,74.77,27.17,0
2026-09-25 15:30:00,74.2,26.21,0
2026-09-25 16:00:00,73.46,26.75,0
2026-09-25 16:30:00,72.71,26.04,0
2026-09-25 17:00:00,72.2,25.57,0
2026-09-25 17:30:00,71.43,25.19,0
2026-09-25 18:00:00,70.86,26.14,0
2026-09-25 18:30:00,70.12,24.05,0
2026-09-25 19:00:00,69.71,22.07,0
2026-09-25 19:30:00,69.44,21.73,0
2026-09-25 20:00:00,68.94,21.23,0
2026-09-25 20:30:00,68.51,20.8,0
2026-09-25 21:00:00,68.11,20.86,0
2026-09-25 21:30:00,67.71,19.26,0
2026-09-25 22:00:00,67.62,16.94,0
2026-09-25 22:30:00,67.36,16.94,0
2026-09-25 23:00:00,66.78,16.59,0
2026-09-25 23:30:00,66.51,16.42,0
2026-09-26 00:00:00,66.19,14.98,0
2026-09-26 00:30:00,65.99,14.4,0
2026-09-26 01:00:00,65.72,13.31,0
2026-09-26 01:30:00,65.62,12.24,0
2026-09-26 02:00:00,65.36,12.5,0
2026-09-26 02:30:00,65.01,14.16,0
2026-09-26 03:00:00,64.98,13.57,0
2026-09-26 03:30:00,64.7,11.73,0
2026-09-26 04:00:00,64.57,15.03,0
2026-09-26 04:30:00,64.47,14.34,0
2026-09-26 05:00:00,64.4,13.82,0
2026-09-26 05:30:00,64.34,13.95,0
2026-09-26 06:00:00,64.18,13.94,0
2026-09-26 06:30:00,63.97,16.87,0
2026-09-26 07:00:00,63.83,14.94,0
2026-09-26 07:30:00,63.6,16.55,0
2026-09-26 08:00:00,63.24,17.7,0
2026-09-26 08:30:00,62.86,19.15,0
2026-09-26 09:00:00,62.55,19.51,0
2026-09-26 09:30:00,62.02,20.36,0
2026-09-26 10:00:00,61.45,21.41,0
2026-09-26 10:30:00,60.74,21.28,0
2026-09-26 11:00:00,60.47,22.53,0
2026-09-26 11:30:00,59.88,25.43,0
2026-09-26 12:00:00,59.18,23.5,0
2026-09-26 12:30:00,58.66,25.62,0
2026-09-26 13:00:00,58.04,25.12,0
2026-09-26 13:30:00,57.53,25.6,0
2026-09-26 14:00:00,56.95,27.3,0
2026-09-26 14:30:00,56.12,26.17,0
2026-09-26 15:00:00,55.59,27.04,0
2026-09-26 15:30:00,55.23,25.82,0
2026-09-26 16:00:00,54.9,27.29,0
2026-09-26 16:30:00,54.33,25.18,0
2026-09-26 17:00:00,53.64,26.25,0
2026-09-26 17:30:00,53.09,25.66,0
2026-09-26 18:00:00,52.25,26.13,0
2026-09-26 18:30:00,51.59,24.82,0
2026-09-26 19:00:00,51.13,24.17,0
2026-09-26 19:30:00,50.69,21.61,0
2026-09-26 20:00:00,50.23,22.15,0
2026-09-26 20:30:00,49.98,21.65,0
2026-09-26 21:00:00,49.5,20.89,0
2026-09-26 21:30:00,49.01,19.85,0
2026-09-26 22:00:00,48.61,18.48,0
2026-09-26 22:30:00,48.23,16.59,0
2026-09-26 23:00:00,47.61,16.44,0
2026-09-26 23:30:00,47.4,17.11,0
2026-09-27 00:00:00,47.31,15.33,0
2026-09-27 00:30:00,47.31,13.71,0
2026-09-27 01:00:00,46.81,14.11,0
2026-09-27 01:30:00,46.55,12.87,0
2026-09-27 02:00:00,46.06,13.75,0
2026-09-27 02:30:00,45.97,12.34,0
2026-09-27 03:00:00,45.78,12.39,0
2026-09-27 03:30:00,45.49,12.41,0
2026-09-27 04:00:00,45.32,13.17,0
2026-09-27 04:30:00,44.99,14.28,0
2026-09-27 05:00:00,44.88,14.5,0
2026-09-27 05:30:00,44.82,14.02,0
2026-09-27 06:00:00,44.64,13.17,0
2026-09-27 06:30:00,44.35,15.61,0
2026-09-27 07:00:00,43.84,15.78,0
2026-09-27 07:30:00,43.33,17.69,0
2026-09-27 08:00:00,43.37,17.94,0
2026-09-27 08:30:00,43.2,20.43,0
2026-09-27 09:00:00,42.88,20.09,0
2026-09-27 09:30:00,42.19,21.8,0
2026-09-27 10:00:00,41.42,21.74,0
2026-09-27 10:30:00,41.03,22.49,0
2026-09-27 11:00:00,40.68,21.3,0
2026-09-27 11:30:00,39.92,23.55,0
2026-09-27 12:00:00,39.61,23.9,0
2026-09-27 12:30:00,38.87,26.13,0
2026-09-27 13:00:00,38.39,24.86,0
2026-09-27 13:30:00,37.7,26.8,0
2026-09-27 14:00:00,37.37,27.61,0
2026-09-27 14:30:00,36.58,26.92,0
2026-09-27 15:00:00,35.94,27.28,0
2026-09-27 15:30:00,35.44,25.65,0
2026-09-27 16:00:00,34.84,26.27,0
2026-09-27 16:30:00,34.26,25.94,0
2026-09-27 17:00:00,33.47,26.16,0
2026-09-27 17:30:00,32.7,26.08,0
2026-09-27 18:00:00,32.17,24.04,0
2026-09-27 18:30:00,31.93,23.42,0
2026-09-27 19:00:00,31.5,22.98,0
2026-09-27 19:30:00,31.02,22.79,0
2026-09-27 20:00:00,30.53,21.59,0
2026-09-27 20:30:00,30.2,20.68,0
2026-09-27 21:00:00,77.74,18.11,1
2026-09-27 21:30:00,77.38,17.78,0
2026-09-27 22:00:00,77.29,17.79,0
2026-09-27 22:30:00,77.15,17.14,0
2026-09-27 23:00:00,77.1,16.44,0
2026-09-27 23:30:00,76.92,15.28,0
2026-09-28 00:00:00,76.69,14.03,0
2026-09-28 00:30:00,76.48,13.97,0
2026-09-28 01:00:00,76.35,13.72,0
2026-09-28 01:30:00,76.3,11.88,0
2026-09-28 02:00:00,75.89,11.84,0
2026-09-28 02:30:00,75.66,14.18,0
2026-09-28 03:00:00,75.43,12.31,0
2026-09-28 03:30:00,75.27,13.77,0
2026-09-28 04:00:00,75.1,13.04,0
2026-09-28 04:30:00,74.82,13.49,0
2026-09-28 05:00:00,74.45,11.57,0
2026-09-28 05:30:00,,14.44,0
2026-09-28 06:00:00,73.94,13.89,0
2026-09-28 06:30:00,73.71,15.52,0
2026-09-28 07:00:00,73.59,16.3,0
2026-09-28 07:30:00,73.42,16.55,0
2026-09-28 08:00:00,72.98,18.43,0
2026-09-28 08:30:00,72.74,18.71,0
2026-09-28 09:00:00,72.17,19.12,0
2026-09-28 09:30:00,71.67,20.35,0
2026-09-28 10:00:00,71.07,22.49,0
2026-09-28 10:30:00,70.57,22.94,0
2026-09-28 11:00:00,70.09,23.03,0
2026-09-28 11:30:00,69.73,24.23,0
2026-09-28 12:00:00,69.13,24.45,0
2026-09-28 12:30:00,68.68,25.42,0
2026-09-28 13:00:00,67.96,27.27,0
2026-09-28 13:30:00,67.43,26.32,0
2026-09-28 14:00:00,66.77,26.02,0
2026-09-28 14:30:00,66.07,27.11,0
2026-09-28 15:00:00,65.53,26.88,0
2026-09-28 15:30:00,64.88,26.45,0
2026-09-28 16:00:00,64.33,26.05,0
2026-09-28 16:30:00,63.74,26.89,0
2026-09-28 17:00:00,63.27,24.04,0
2026-09-28 17:30:00,63.03,22.9,0
2026-09-28 18:00:00,62.68,23.85,0
2026-09-28 18:30:00,62.27,24.74,0
2026-09-28 19:00:00,61.7,24.71,0
2026-09-28 19:30:00,61.36,23.16,0
2026-09-28 20:00:00,60.75,23.03,0
2026-09-28 20:30:00,60.5,19.33,0
2026-09-28 21:00:00,59.92,21.02,0
2026-09-28 21:30:00,59.32,20.06,0
2026-09-28 22:00:00,58.81,19.33,0
2026-09-28 22:30:00,58.41,16.74,0
2026-09-28 23:00:00,58.1,15.42,0
2026-09-28 23:30:00,57.66,17.46,0
2026-09-29 00:00:00,57.46,15.83,0
2026-09-29 00:30:00,57.17,15.16,0
2026-09-29 01:00:00,57.03,14.76,0
2026-09-29 01:30:00,56.65,13.63,0
2026-09-29 02:00:00,56.41,13.03,0
2026-09-29 02:30:00,164.77374331334798,11.99,0
2026-09-29 03:00:00,55.97,12.16,0
2026-09-29 03:30:00,55.85,13.18,0
2026-09-29 04:00:00,55.5,12.59,0
2026-09-29 04:30:00,55.18,13.41,0
2026-09-29 05:00:00,54.65,13.57,0
2026-09-29 05:30:00,54.57,15.14,0
2026-09-29 06:00:00,54.35,14.17,0
2026-09-29 06:30:00,53.93,16.43,0
2026-09-29 07:00:00,53.61,15.44,0
2026-09-29 07:30:00,53.09,18.29,0
2026-09-29 08:00:00,52.84,19.51,0
2026-09-29 08:30:00,52.76,18.53,0
2026-09-29 09:00:00,52.3,19.75,0
2026-09-29 09:30:00,51.87,20.68,0
2026-09-29 10:00:00,51.33,22.64,0
2026-09-29 10:30:00,50.78,22.61,0
2026-09-29 11:00:00,50.21,23.49,0
2026-09-29 11:30:00,49.58,23.68,0
2026-09-29 12:00:00,49.28,24.64,0
2026-09-29 12:30:00,48.47,24.92,0
2026-09-29 13:00:00,47.97,26.67,0
2026-09-29 13:30:00,47.42,28.41,0
2026-09-29 14:00:00,46.86,25.87,0
2026-09-29 14:30:00,46.24,26.07,0
2026-09-29 15:00:00,45.78,26.32,0
2026-09-29 15:30:00,45.08,27.53,0
2026-09-29 16:00:00,44.62,26.31,0
2026-09-29 16:30:00,43.99,25.81,0
2026-09-29 17:00:00,43.56,26.01,0
2026-09-29 17:30:00,42.98,25.61,0
2026-09-29 18:00:00,42.43,26.64,0
2026-09-29 18:30:00,42.18,21.89,0
2026-09-29 19:00:00,41.71,23.19,0
2026-09-29 19:30:00,41.63,22.7,0
2026-09-29 20:00:00,41.4,22.34,0
2026-09-29 20:30:00,41.34,21.48,0
2026-09-29 21:00:00,41.08,19.52,0
2026-09-29 21:30:00,40.81,19.68,0
2026-09-29 22:00:00,40.4,18.66,0
2026-09-29 22:30:00,40.02,16.87,0
2026-09-29 23:00:00,39.87,16.37,0
2026-09-29 23:30:00,39.56,15.87,0
2026-09-30 00:00:00,39.23,13.79,0
2026-09-30 00:30:00,38.79,13.68,0
2026-09-30 01:00:00,38.6,13.49,0
2026-09-30 01:30:00,38.41,13.96,0
2026-09-30 02:00:00,38.14,13.38,0
2026-09-30 02:30:00,38.01,14.0,0
2026-09-30 03:00:00,37.69,12.14,0
2026-09-30 03:30:00,37.52,13.48,0
2026-09-30 04:00:00,37.45,13.98,0
2026-09-30 04:30:00,37.2,12.8,0
2026-09-30 05:00:00,37.22,14.44,0
2026-09-30 05:30:00,37.13,13.52,0
2026-09-30 06:00:00,36.79,14.99,0
2026-09-30 06:30:00,36.8,14.77,0
2026-09-30 07:00:00,36.68,15.77,0
2026-09-30 07:30:00,36.42,17.32,0
2026-09-30 08:00:00,36.08,18.91,0
2026-09-30 08:30:00,35.87,18.35,0
2026-09-30 09:00:00,,20.91,0
2026-09-30 09:30:00,35.62,20.54,0
2026-09-30 10:00:00,35.2,22.01,0
2026-09-30 10:30:00,34.9,22.41,0
2026-09-30 11:00:00,34.51,22.78,0
2026-09-30 11:30:00,33.96,25.58,0
2026-09-30 12:00:00,33.25,25.15,0
2026-09-30 12:30:00,32.49,26.43,0
2026-09-30 13:00:00,32.17,25.07,0
2026-09-30 13:30:00,31.36,26.59,0
2026-09-30 14:00:00,30.58,27.05,0
2026-09-30 14:30:00,72.24,26.14,1
2026-09-30 15:00:00,71.66,26.9,0
2026-09-30 15:30:00,71.06,27.19,0
2026-09-30 16:00:00,70.14,28.04,0
2026-09-30 16:30:00,69.41,27.16,0
2026-09-30 17:00:00,68.88,25.54,0
2026-09-30 17:30:00,68.09,26.73,0
2026-09-30 18:00:00,67.68,25.19,0
2026-09-30 18:30:00,67.21,25.14,0
2026-09-30 19:00:00,66.58,22.79,0
2026-09-30 19:30:00,65.91,22.85,0
2026-09-30 20:00:00,65.5,20.65,0
2026-09-30 20:30:00,64.77,19.74,0
2026-09-30 21:00:00,64.61,20.25,0
2026-09-30 21:30:00,64.04,20.56,0
2026-09-30 22:00:00,63.59,16.89,0
2026-09-30 22:30:00,62.91,16.96,0
2026-09-30 23:00:00,62.63,17.16,0
2026-09-30 23:30:00,62.4,16.0,0
2026-10-01 00:00:00,62.34,15.23,0
2026-10-01 00:30:00,62.08,14.68,0
2026-10-01 01:00:00,61.77,15.02,0
2026-10-01 01:30:00,61.55,13.64,0
2026-10-01 02:00:00,61.2,13.97,0
2026-10-01 02:30:00,60.92,13.3,0
2026-10-01 03:00:00,60.74,13.9,0
2026-10-01 03:30:00,60.32,13.48,0
2026-10-01 04:00:00,60.38,13.27,0
2026-10-01 04:30:00,60.13,14.13,0
2026-10-01 05:00:00,59.89,15.16,0
2026-10-01 05:30:00,59.6,15.84,0
2026-10-01 06:00:00,59.38,14.21,0
2026-10-01 06:30:00,59.3,15.24,0
2026-10-01 07:00:00,59.01,15.75,0
2026-10-01 07:30:00,58.91,15.83,0
2026-10-01 08:00:00,58.65,18.09,0
2026-10-01 08:30:00,58.37,19.5,0
2026-10-01 09:00:00,57.75,21.06,0
2026-10-01 09:30:00,57.48,21.12,0
2026-10-01 10:00:00,56.73,21.9,0
2026-10-01 10:30:00,56.18,23.71,0
2026-10-01 11:00:00,55.59,22.78,0
2026-10-01 11:30:00,55.26,23.54,0
2026-10-01 12:00:00,54.8,25.24,0
2026-10-01 12:30:00,54.03,26.5,0
2026-10-01 13:00:00,53.41,25.38,0
2026-10-01 13:30:00,52.86,27.7,0
2026-10-01 14:00:00,52.17,25.66,0
2026-10-01 14:30:00,51.67,28.69,0
2026-10-01 15:00:00,51.06,27.37,0
2026-10-01 15:30:00,50.5,27.07,0
2026-10-01 16:00:00,49.7,26.18,0
2026-10-01 16:30:00,49.28,27.01,0
2026-10-01 17:00:00,48.87,26.33,0
2026-10-01 17:30:00,48.1,25.26,0
2026-10-01 18:00:00,47.52,25.8,0
2026-10-01 18:30:00,46.84,24.48,0
2026-10-01 19:00:00,46.36,24.2,0
2026-10-01 19:30:00,45.4,22.09,0
2026-10-01 20:00:00,44.85,22.6,0
2026-10-01 20:30:00,44.36,22.01,0
2026-10-01 21:00:00,43.98,20.23,0
2026-10-01 21:30:00,43.39,18.85,0
2026-10-01 22:00:00,43.31,17.34,0
2026-10-01 22:30:00,42.67,18.92,0
2026-10-01 23:00:00,42.12,16.73,0
2026-10-01 23:30:00,42.09,15.64,0
2026-10-02 00:00:00,41.73,14.81,0
2026-10-02 00:30:00,41.53,13.82,0
2026-10-02 01:00:00,41.54,13.61,0
2026-10-02 01:30:00,40.99,13.15,0
2026-10-02 02:00:00,40.9,13.28,0
2026-10-02 02:30:00,40.54,13.15,0
2026-10-02 03:00:00,40.31,12.98,0
2026-10-02 03:30:00,39.94,14.71,0
2026-10-02 04:00:00,39.48,12.62,0
2026-10-02 04:30:00,39.2,13.21,0
2026-10-02 05:00:00,38.94,14.79,0
2026-10-02 05:30:00,38.75,14.65,0
2026-10-02 06:00:00,38.44,14.87,0
2026-10-02 06:30:00,38.18,14.61,0
2026-10-02 07:00:00,37.76,16.88,0
2026-10-02 07:30:00,37.7,17.39,0
2026-10-02 08:00:00,37.41,18.88,0
2026-10-02 08:30:00,37.1,18.87,0
2026-10-02 09:00:00,36.62,19.69,0
2026-10-02 09:30:00,36.3,19.99,0
2026-10-02 10:00:00,35.77,21.23,0
2026-10-02 10:30:00,35.44,21.91,0
2026-10-02 11:00:00,34.98,23.23,0
2026-10-02 11:30:00,34.3,24.04,0
2026-10-02 12:00:00,33.44,25.47,0
2026-10-02 12:30:00,32.73,24.79,0
2026-10-02 13:00:00,32.1,26.82,0
2026-10-02 13:30:00,31.51,26.15,0
2026-10-02 14:00:00,30.88,28.03,0
2026-10-02 14:30:00,30.31,27.76,0
2026-10-02 15:00:00,72.36,26.81,1
2026-10-02 15:30:00,71.71,26.89,0
2026-10-02 16:00:00,71.28,25.88,0
2026-10-02 16:30:00,70.83,26.12,0
2026-10-02 17:00:00,70.43,24.8,0
2026-10-02 17:30:00,69.8,26.0,0
2026-10-02 18:00:00,69.46,25.35,0
2026-10-02 18:30:00,68.96,25.18,0
2026-10-02 19:00:00,68.29,24.09,0
2026-10-02 19:30:00,67.78,21.67,0
2026-10-02 20:00:00,67.23,21.09,0
2026-10-02 20:30:00,66.6,19.67,0
2026-10-02 21:00:00,66.13,18.8,0
2026-10-02 21:30:00,65.62,19.96,0
2026-10-02 22:00:00,65.27,18.55,0
2026-10-02 22:30:00,65.26,16.9,0
2026-10-02 23:00:00,65.11,18.38,0
2026-10-02 23:30:00,64.64,16.31,0
2026-10-03 00:00:00,64.45,15.06,0
2026-10-03 00:30:00,64.47,13.98,0
2026-10-03 01:00:00,64.29,13.61,0
2026-10-03 01:30:00,63.86,14.06,0
2026-10-03 02:00:00,63.59,13.39,0
2026-10-03 02:30:00,63.44,13.48,0
2026-10-03 03:00:00,63.16,12.81,0
2026-10-03 03:30:00,63.0,14.33,0
2026-10-03 04:00:00,62.74,12.19,0
2026-10-03 04:30:00,62.51,15.24,0
2026-10-03 05:00:00,62.4,14.24,0
2026-10-03 05:30:00,61.99,14.88,0
2026-10-03 06:00:00,61.85,14.39,0
2026-10-03 06:30:00,61.59,16.19,0
2026-10-03 07:00:00,61.41,17.49,0
2026-10-03 07:30:00,61.07,17.52,0
2026-10-03 08:00:00,60.81,18.35,0
2026-10-03 08:30:00,60.66,19.67,0
2026-10-03 09:00:00,60.61,20.42,0
2026-10-03 09:30:00,60.18,20.78,0
2026-10-03 10:00:00,59.67,20.76,0
2026-10-03 10:30:00,59.18,22.78,0
2026-10-03 11:00:00,58.88,23.78,0
2026-10-03 11:30:00,58.35,25.56,0
2026-10-03 12:00:00,57.71,24.88,0
2026-10-03 12:30:00,56.98,27.09,0
2026-10-03 13:00:00,56.27,25.68,0
2026-10-03 13:30:00,55.57,26.9,0
2026-10-03 14:00:00,54.83,27.22,0
2026-10-03 14:30:00,54.15,27.83,0
2026-10-03 15:00:00,53.67,27.68,0
2026-10-03 15:30:00,53.05,27.77,0
2026-10-03 16:00:00,52.56,28.56,0
2026-10-03 16:30:00,51.94,27.92,0
2026-10-03 17:00:00,51.35,25.96,0
2026-10-03 17:30:00,50.85,27.07,0
2026-10-03 18:00:00,50.41,25.52,0
2026-10-03 18:30:00,49.64,23.73,0
2026-10-03 19:00:00,49.09,23.9,0
2026-10-03 19:30:00,48.42,22.9,0
2026-10-03 20:00:00,48.01,22.47,0
2026-10-03 20:30:00,47.61,21.23,0
2026-10-03 21:00:00,47.08,19.94,0
2026-10-03 21:30:00,46.47,18.92,0
2026-10-03 22:00:00,45.88,18.83,0
2026-10-03 22:30:00,45.51,18.38,0
2026-10-03 23:00:00,45.06,17.82,0
2026-10-03 23:30:00,45.14,16.34,0
2026-10-04 00:00:00,44.84,15.27,0
2026-10-04 00:30:00,44.79,14.88,0
2026-10-04 01:00:00,44.42,15.26,0
2026-10-04 01:30:00,44.27,13.5,0
2026-10-04 02:00:00,43.95,12.44,0
2026-10-04 02:30:00,43.85,13.42,0
2026-10-04 03:00:00,43.3,14.63,0
2026-10-04 03:30:00,43.07,12.52,0
2026-10-04 04:00:00,42.97,13.77,0
2026-10-04 04:30:00,42.6,13.91,0
2026-10-04 05:00:00,42.31,14.64,0
2026-10-04 05:30:00,42.18,14.79,0
2026-10-04 06:00:00,42.12,14.72,0
2026-10-04 06:30:00,42.01,15.63,0
2026-10-04 07:00:00,41.59,16.86,0
2026-10-04 07:30:00,41.07,19.01,0
2026-10-04 08:00:00,40.67,19.87,0
2026-10-04 08:30:00,40.1,19.34,0
2026-10-04 09:00:00,39.62,21.11,0
2026-10-04 09:30:00,39.05,21.7,0
2026-10-04 10:00:00,38.67,22.76,0
2026-10-04 10:30:00,37.79,23.21,0
2026-10-04 11:00:00,37.18,23.36,0
2026-10-04 11:30:00,36.45,25.87,0
2026-10-04 12:00:00,35.84,25.49,0
2026-10-04 12:30:00,35.21,26.57,0
2026-10-04 13:00:00,34.35,28.4,0
2026-10-04 13:30:00,33.65,26.84,0
2026-10-04 14:00:00,33.04,26.44,0
2026-10-04 14:30:00,32.71,26.23,0
2026-10-04 15:00:00,31.82,27.42,0
2026-10-04 15:30:00,31.09,27.72,0
2026-10-04 16:00:00,30.87,25.8,0
2026-10-04 16:30:00,30.13,26.65,0
2026-10-04 17:00:00,77.34,25.98,1
2026-10-04 17:30:00,76.64,24.65,0
2026-10-04 18:00:00,76.11,24.18,0
2026-10-04 18:30:00,75.6,25.52,0
2026-10-04 19:00:00,74.91,23.96,0
2026-10-04 19:30:00,74.74,23.54,0
2026-10-04 20:00:00,74.3,22.7,0
2026-10-04 20:30:00,73.87,22.2,0
2026-10-04 21:00:00,73.51,20.5,0
2026-10-04 21:30:00,73.24,19.21,0
2026-10-04 22:00:00,72.96,18.29,0
2026-10-04 22:30:00,72.59,17.72,0
2026-10-04 23:00:00,72.41,17.96,0
2026-10-04 23:30:00,72.23,16.31,0
2026-10-05 00:00:00,72.0,14.52,0
2026-10-05 00:30:00,71.67,12.95,0
2026-10-05 01:00:00,71.51,14.13,0
2026-10-05 01:30:00,71.37,13.59,0
2026-10-05 02:00:00,71.09,14.36,0
2026-10-05 02:30:00,70.96,14.75,0
2026-10-05 03:00:00,70.63,12.76,0
2026-10-05 03:30:00,70.32,13.9,0
2026-10-05 04:00:00,69.93,12.92,0
2026-10-05 04:30:00,69.6,14.9,0
2026-10-05 05:00:00,69.15,15.89,0
2026-10-05 05:30:00,68.76,14.62,0
2026-10-05 06:00:00,68.5,15.62,0
2026-10-05 06:30:00,67.94,16.68,0
2026-10-05 07:00:00,67.78,16.98,0
2026-10-05 07:30:00,67.59,18.46,0
2026-10-05 08:00:00,66.75,18.24,0
2026-10-05 08:30:00,66.23,20.26,0
2026-10-05 09:00:00,65.91,20.11,0
2026-10-05 09:30:00,65.38,21.85,0
2026-10-05 10:00:00,65.14,22.07,0
2026-10-05 10:30:00,64.69,22.74,0
2026-10-05 11:00:00,63.96,24.08,0
2026-10-05 11:30:00,63.36,24.74,0
2026-10-05 12:00:00,62.65,25.83,0
2026-10-05 12:30:00,61.8,27.06,0
2026-10-05 13:00:00,61.16,26.94,0
2026-10-05 13:30:00,60.43,27.24,0
2026-10-05 14:00:00,59.61,27.31,0
2026-10-05 14:30:00,58.89,27.07,0
2026-10-05 15:00:00,58.17,28.25,0
2026-10-05 15:30:00,57.9,27.73,0
2026-10-05 16:00:00,57.23,27.86,0
2026-10-05 16:30:00,56.85,27.56,0
2026-10-05 17:00:00,56.03,26.65,0
2026-10-05 17:30:00,55.33,26.51,0
2026-10-05 18:00:00,54.69,26.5,0
2026-10-05 18:30:00,53.93,25.92,0
2026-10-05 19:00:00,53.63,24.37,0
2026-10-05 19:30:00,53.27,24.0,0
2026-10-05 20:00:00,52.69,22.72,0
2026-10-05 20:30:00,52.16,21.56,0
2026-10-05 21:00:00,51.9,21.15,0
2026-10-05 21:30:00,51.42,20.26,0
2026-10-05 22:00:00,50.93,18.55,0
2026-10-05 22:30:00,50.38,17.72,0
2026-10-05 23:00:00,50.12,15.58,0
2026-10-05 23:30:00,49.8,16.32,0
2026-10-06 00:00:00,49.41,16.46,0
2026-10-06 00:30:00,49.29,15.13,0
2026-10-06 01:00:00,49.15,13.43,0
2026-10-06 01:30:00,49.07,13.08,0
2026-10-06 02:00:00,48.68,14.07,0
2026-10-06 02:30:00,48.53,12.83,0
2026-10-06 03:00:00,48.45,14.21,0
2026-10-06 03:30:00,48.3,12.58,0
2026-10-06 04:00:00,48.23,14.24,0
2026-10-06 04:30:00,47.87,12.99,0
2026-10-06 05:00:00,47.7,16.14,0
2026-10-06 05:30:00,47.54,14.49,0
2026-10-06 06:00:00,47.25,17.21,0
2026-10-06 06:30:00,47.15,17.01,0
2026-10-06 07:00:00,47.12,15.92,0
2026-10-06 07:30:00,46.93,18.98,0
2026-10-06 08:00:00,46.38,18.23,0
2026-10-06 08:30:00,46.18,20.43,0
2026-10-06 09:00:00,45.92,21.1,0
2026-10-06 09:30:00,45.24,21.56,0
2026-10-06 10:00:00,44.75,22.62,0
2026-10-06 10:30:00,44.17,23.34,0
2026-10-06 11:00:00,43.24,23.52,0
2026-10-06 11:30:00,42.66,25.41,0
2026-10-06 12:00:00,42.13,24.19,0
2026-10-06 12:30:00,41.42,26.8,0
2026-10-06 13:00:00,40.44,27.44,0
2026-10-06 13:30:00,39.92,26.78,0
2026-10-06 14:00:00,39.5,27.64,0
2026-10-06 14:30:00,38.83,27.29,0
2026-10-06 15:00:00,38.27,27.58,0
2026-10-06 15:30:00,37.66,28.48,0
2026-10-06 16:00:00,36.84,27.98,0
2026-10-06 16:30:00,36.1,25.72,0
2026-10-06 17:00:00,35.37,25.38,0
2026-10-06 17:30:00,34.89,26.33,0
2026-10-06 18:00:00,34.34,24.6,0
2026-10-06 18:30:00,33.86,25.03,0
2026-10-06 19:00:00,33.5,23.31,0
2026-10-06 19:30:00,33.2,23.17,0
2026-10-06 20:00:00,32.71,22.79,0
2026-10-06 20:30:00,32.31,19.97,0
2026-10-06 21:00:00,31.66,20.03,0
2026-10-06 21:30:00,31.25,19.62,0
2026-10-06 22:00:00,30.88,18.58,0
2026-10-06 22:30:00,30.47,17.81,0
2026-10-06 23:00:00,30.05,16.52,0
2026-10-06 23:30:00,70.45,16.6,1
2026-10-07 00:00:00,70.25,15.78,0
2026-10-07 00:30:00,69.82,15.51,0
2026-10-07 01:00:00,69.65,16.12,0
2026-10-07 01:30:00,69.22,16.01,0
2026-10-07 02:00:00,68.89,14.05,0
2026-10-07 02:30:00,68.65,13.96,0
2026-10-07 03:00:00,68.38,14.07,0
2026-10-07 03:30:00,68.12,14.45,0
2026-10-07 04:00:00,68.04,14.15,0
2026-10-07 04:30:00,,13.68,0
2026-10-07 05:00:00,67.33,14.44,0
2026-10-07 05:30:00,67.2,16.01,0
2026-10-07 06:00:00,67.15,15.03,0
2026-10-07 06:30:00,67.22,16.55,0
2026-10-07 07:00:00,66.93,17.25,0
2026-10-07 07:30:00,66.61,18.75,0
2026-10-07 08:00:00,66.26,19.26,0
2026-10-07 08:30:00,65.93,20.72,0
2026-10-07 09:00:00,65.71,20.45,0
2026-10-07 09:30:00,65.25,20.27,0
2026-10-07 10:00:00,64.66,21.53,0
2026-10-07 10:30:00,63.99,23.55,0
2026-10-07 11:00:00,63.47,24.4,0
2026-10-07 11:30:00,62.69,24.11,0
2026-10-07 12:00:00,61.93,25.25,0
2026-10-07 12:30:00,61.4,27.08,0
2026-10-07 13:00:00,60.7,25.74,0
2026-10-07 13:30:00,60.08,27.65,0
2026-10-07 14:00:00,59.44,27.0,0
2026-10-07 14:30:00,58.79,27.89,0
2026-10-07 15:00:00,58.47,27.63,0
2026-10-07 15:30:00,57.84,27.25,0
2026-10-07 16:00:00,57.22,27.54,0
2026-10-07 16:30:00,56.73,27.56,0
2026-10-07 17:00:00,55.93,27.21,0
2026-10-07 17:30:00,55.28,27.29,0
2026-10-07 18:00:00,54.76,25.74,0
2026-10-07 18:30:00,54.21,26.51,0
2026-10-07 19:00:00,54.0,24.17,0
2026-10-07 19:30:00,53.69,24.28,0
2026-10-07 20:00:00,53.11,21.45,0
2026-10-07 20:30:00,52.61,21.48,0
2026-10-07 21:00:00,52.27,21.08,0
2026-10-07 21:30:00,52.03,19.61,0
2026-10-07 22:00:00,51.69,18.35,0
2026-10-07 22:30:00,51.15,18.45,0
2026-10-07 23:00:00,50.8,17.21,0
2026-10-07 23:30:00,50.39,15.93,0
2026-10-08 00:00:00,50.32,15.88,0
2026-10-08 00:30:00,50.04,14.32,0
2026-10-08 01:00:00,49.77,14.95,0
2026-10-08 01:30:00,49.24,13.55,0
2026-10-08 02:00:00,49.2,15.14,0
2026-10-08 02:30:00,49.08,12.9,0
2026-10-08 03:00:00,48.89,14.43,0
2026-10-08 03:30:00,48.4,12.15,0
2026-10-08 04:00:00,48.26,14.82,0
2026-10-08 04:30:00,47.91,15.27,0
2026-10-08 05:00:00,47.85,13.93,0
2026-10-08 05:30:00,47.7,16.24,0
2026-10-08 06:00:00,47.74,15.42,0
2026-10-08 06:30:00,47.46,15.8,0
2026-10-08 07:00:00,46.91,16.87,0
2026-10-08 07:30:00,46.47,18.56,0
2026-10-08 08:00:00,46.12,18.41,0
2026-10-08 08:30:00,45.58,19.12,0
2026-10-08 09:00:00,45.24,21.3,0
2026-10-08 09:30:00,44.8,19.43,0
2026-10-08 10:00:00,44.15,21.97,0
2026-10-08 10:30:00,43.53,23.83,0
2026-10-08 11:00:00,43.04,24.63,0
2026-10-08 11:30:00,42.64,24.72,0
2026-10-08 12:00:00,42.09,25.78,0
2026-10-08 12:30:00,41.54,26.23,0
2026-10-08 13:00:00,40.9,27.81,0
2026-10-08 13:30:00,40.32,26.58,0
2026-10-08 14:00:00,39.58,27.59,0
2026-10-08 14:30:00,39.09,28.04,0
2026-10-08 15:00:00,,28.28,0
2026-10-08 15:30:00,37.98,26.7,0
2026-10-08 16:00:00,37.38,27.79,0
2026-10-08 16:30:00,36.76,27.93,0
2026-10-08 17:00:00,36.03,26.79,0
2026-10-08 17:30:00,35.79,25.79,0
2026-10-08 18:00:00,35.21,26.03,0
2026-10-08 18:30:00,34.73,24.77,0
2026-10-08 19:00:00,33.92,25.98,0
2026-10-08 19:30:00,33.5,22.67,0
2026-10-08 20:00:00,33.03,22.99,0
2026-10-08 20:30:00,32.99,20.54,0
2026-10-08 21:00:00,32.59,19.39,0
2026-10-08 21:30:00,32.36,19.89,0
2026-10-08 22:00:00,31.88,18.34,0
2026-10-08 22:30:00,31.47,18.99,0
2026-10-08 23:00:00,31.23,17.12,0
2026-10-08 23:30:00,30.9,16.35,0
2026-10-09 00:00:00,30.65,16.67,0
2026-10-09 00:30:00,30.3,14.83,0
2026-10-09 01:00:00,77.8,15.27,1
2026-10-09 01:30:00,77.64,14.3,0
2026-10-09 02:00:00,77.47,14.72,0
2026-10-09 02:30:00,77.34,12.93,0
2026-10-09 03:00:00,77.22,14.52,0
2026-10-09 03:30:00,76.92,14.01,0
2026-10-09 04:00:00,76.87,14.36,0
2026-10-09 04:30:00,76.64,15.91,0
2026-10-09 05:00:00,76.39,14.03,0
2026-10-09 05:30:00,76.07,15.68,0
2026-10-09 06:00:00,75.83,14.54,0
2026-10-09 06:30:00,75.52,17.53,0
2026-10-09 07:00:00,75.22,16.92,0
2026-10-09 07:30:00,75.0,18.28,0
2026-10-09 08:00:00,74.53,19.24,0
2026-10-09 08:30:00,74.08,20.74,0
2026-10-09 09:00:00,73.6,20.96,0
2026-10-09 09:30:00,73.12,21.18,0
2026-10-09 10:00:00,72.68,22.34,0
2026-10-09 10:30:00,72.08,23.72,0
2026-10-09 11:00:00,71.41,24.51,0
2026-10-09 11:30:00,70.77,25.56,0
2026-10-09 12:00:00,70.25,25.51,0
2026-10-09 12:30:00,69.62,26.47,0
2026-10-09 13:00:00,69.13,27.76,0
2026-10-09 13:30:00,68.34,28.62,0
2026-10-09 14:00:00,67.63,27.18,0
2026-10-09 14:30:00,66.85,27.2,0
2026-10-09 15:00:00,66.05,27.59,0
2026-10-09 15:30:00,65.25,28.94,0
2026-10-09 16:00:00,64.37,27.35,0
2026-10-09 16:30:00,63.7,27.8,0
2026-10-09 17:00:00,62.93,25.68,0
2026-10-09 17:30:00,62.21,27.32,0
2026-10-09 18:00:00,61.56,24.62,0
2026-10-09 18:30:00,61.12,23.63,0
2026-10-09 19:00:00,60.62,25.02,0
2026-10-09 19:30:00,59.83,24.5,0
2026-10-09 20:00:00,59.47,23.15,0
2026-10-09 20:30:00,59.06,20.76,0
2026-10-09 21:00:00,58.46,21.21,0
2026-10-09 21:30:00,58.07,21.86,0
2026-10-09 22:00:00,57.75,17.98,0
2026-10-09 22:30:00,57.61,18.23,0
2026-10-09 23:00:00,57.48,17.64,0
2026-10-09 23:30:00,57.09,15.45,0
2026-10-10 00:00:00,57.0,15.53,0
2026-10-10 00:30:00,56.6,14.29,0
2026-10-10 01:00:00,56.33,14.69,0
2026-10-10 01:30:00,56.14,14.03,0
2026-10-10 02:00:00,56.13,15.07,0
2026-10-10 02:30:00,55.96,14.29,0
2026-10-10 03:00:00,55.65,13.05,0
2026-10-10 03:30:00,55.39,14.05,0
2026-10-10 04:00:00,55.21,12.94,0
2026-10-10 04:30:00,54.93,14.32,0
2026-10-10 05:00:00,54.5,13.9,0
2026-10-10 05:30:00,54.39,16.1,0
2026-10-10 06:00:00,53.97,16.59,0
2026-10-10 06:30:00,53.5,16.45,0
2026-10-10 07:00:00,53.28,17.55,0
2026-10-10 07:30:00,52.91,17.92,0
2026-10-10 08:00:00,52.65,18.24,0
2026-10-10 08:30:00,52.29,20.45,0
2026-10-10 09:00:00,51.72,19.95,0
2026-10-10 09:30:00,51.09,21.12,0
2026-10-10 10:00:00,50.8,21.26,0
2026-10-10 10:30:00,50.5,21.42,0
2026-10-10 11:00:00,49.83,25.51,0
2026-10-10 11:30:00,49.45,25.51,0
2026-10-10 12:00:00,48.96,24.81,0
2026-10-10 12:30:00,,26.27,0
2026-10-10 13:00:00,48.1,27.31,0
2026-10-10 13:30:00,47.2,28.52,0
2026-10-10 14:00:00,46.6,27.66,0
2026-10-10 14:30:00,45.82,27.23,0
2026-10-10 15:00:00,45.39,26.78,0
2026-10-10 15:30:00,44.79,28.18,0
2026-10-10 16:00:00,44.13,28.15,0
2026-10-10 16:30:00,43.7,25.76,0
2026-10-10 17:00:00,43.01,26.83,0
2026-10-10 17:30:00,42.22,27.84,0
2026-10-10 18:00:00,41.52,24.93,0
2026-10-10 18:30:00,41.04,25.09,0
2026-10-10 19:00:00,40.74,25.15,0
2026-10-10 19:30:00,40.08,23.22,0
2026-10-10 20:00:00,39.6,21.98,0
2026-10-10 20:30:00,39.28,22.1,0
2026-10-10 21:00:00,38.8,20.59,0
2026-10-10 21:30:00,38.63,19.96,0
2026-10-10 22:00:00,38.21,19.07,0
2026-10-10 22:30:00,38.01,17.75,0
2026-10-10 23:00:00,37.81,17.39,0
2026-10-10 23:30:00,37.26,16.05,0
2026-10-11 00:00:00,36.97,16.94,0
2026-10-11 00:30:00,36.91,14.32,0
2026-10-11 01:00:00,36.77,14.55,0
2026-10-11 01:30:00,36.73,13.39,0
2026-10-11 02:00:00,36.48,14.36,0
2026-10-11 02:30:00,36.47,13.14,0
2026-10-11 03:00:00,36.2,13.48,0
2026-10-11 03:30:00,36.13,12.74,0
2026-10-11 04:00:00,35.91,14.96,0
2026-10-11 04:30:00,35.57,14.94,0
2026-10-11 05:00:00,35.56,15.5,0
2026-10-11 05:30:00,35.28,16.4,0
2026-10-11 06:00:00,35.32,15.14,0
2026-10-11 06:30:00,34.85,16.91,0
2026-10-11 07:00:00,34.71,16.49,0
2026-10-11 07:30:00,34.44,17.71,0
2026-10-11 08:00:00,33.97,18.2,0
2026-10-11 08:30:00,33.4,19.95,0
2026-10-11 09:00:00,33.09,21.05,0
2026-10-11 09:30:00,32.55,21.99,0
2026-10-11 10:00:00,31.79,22.27,0
2026-10-11 10:30:00,31.19,23.2,0
2026-10-11 11:00:00,30.42,25.45,0
2026-10-11 11:30:00,72.49,24.45,1
2026-10-11 12:00:00,71.92,25.95,0
2026-10-11 12:30:00,71.3,26.53,0
2026-10-11 13:00:00,70.68,26.9,0
2026-10-11 13:30:00,70.08,27.72,0
2026-10-11 14:00:00,69.41,26.39,0
2026-10-11 14:30:00,68.5,27.76,0
2026-10-11 15:00:00,67.62,28.65,0
2026-10-11 15:30:00,66.97,27.33,0
2026-10-11 16:00:00,66.27,27.05,0
2026-10-11 16:30:00,65.5,27.47,0
2026-10-11 17:00:00,64.6,27.25,0
2026-10-11 17:30:00,64.23,25.52,0
2026-10-11 18:00:00,63.77,24.89,0
2026-10-11 18:30:00,63.06,25.96,0
2026-10-11 19:00:00,62.47,24.04,0
2026-10-11 19:30:00,61.96,22.91,0
2026-10-11 20:00:00,61.47,22.69,0
2026-10-11 20:30:00,61.3,22.75,0
2026-10-11 21:00:00,60.97,19.93,0
2026-10-11 21:30:00,60.6,21.29,0
2026-10-11 22:00:00,60.19,19.57,0
2026-10-11 22:30:00,59.7,18.84,0
2026-10-11 23:00:00,59.4,18.23,0
2026-10-11 23:30:00,59.3,16.57,0
2026-10-12 00:00:00,59.24,18.01,0
2026-10-12 00:30:00,58.93,14.73,0
2026-10-12 01:00:00,58.48,15.31,0
2026-10-12 01:30:00,58.16,15.15,0
2026-10-12 02:00:00,57.96,13.78,0
2026-10-12 02:30:00,57.71,14.17,0
2026-10-12 03:00:00,57.54,13.84,0
2026-10-12 03:30:00,57.61,14.02,0
2026-10-12 04:00:00,57.48,14.63,0
2026-10-12 04:30:00,57.16,14.05,0
2026-10-12 05:00:00,56.7,15.01,0
2026-10-12 05:30:00,56.28,16.25,0
2026-10-12 06:00:00,55.8,16.0,0
2026-10-12 06:30:00,55.45,15.56,0
2026-10-12 07:00:00,55.06,18.27,0
2026-10-12 07:30:00,54.6,17.4,0
2026-10-12 08:00:00,54.24,20.53,0
2026-10-12 08:30:00,53.77,20.99,0
2026-10-12 09:00:00,53.29,21.85,0
2026-10-12 09:30:00,52.64,21.18,0
2026-10-12 10:00:00,52.29,22.21,0
2026-10-12 10:30:00,51.9,22.89,0
2026-10-12 11:00:00,51.25,24.48,0
2026-10-12 11:30:00,50.62,24.27,0
2026-10-12 12:00:00,50.25,26.44,0
2026-10-12 12:30:00,49.65,24.99,0
2026-10-12 13:00:00,48.99,26.24,0
2026-10-12 13:30:00,48.15,27.94,0
2026-10-12 14:00:00,47.69,27.33,0
2026-10-12 14:30:00,47.09,28.55,0
2026-10-12 15:00:00,46.65,27.19,0
2026-10-12 15:30:00,46.03,28.47,0
2026-10-12 16:00:00,45.64,28.73,0
2026-10-12 16:30:00,44.91,27.53,0
2026-10-12 17:00:00,44.39,27.81,0
2026-10-12 17:30:00,43.88,27.01,0
2026-10-12 18:00:00,43.3,26.41,0
2026-10-12 18:30:00,42.64,25.33,0
2026-10-12 19:00:00,42.5,23.94,0
2026-10-12 19:30:00,41.82,23.43,0
2026-10-12 20:00:00,41.18,24.5,0
2026-10-12 20:30:00,40.78,22.18,0
2026-10-12 21:00:00,40.55,21.18,0
2026-10-12 21:30:00,40.37,19.3,0
2026-10-12 22:00:00,39.99,19.01,0
2026-10-12 22:30:00,39.2,18.69,0
2026-10-12 23:00:00,38.95,18.01,0
2026-10-12 23:30:00,38.62,16.59,0
2026-10-13 00:00:00,38.63,15.72,0
2026-10-13 00:30:00,38.19,16.46,0
2026-10-13 01:00:00,38.02,15.15,0
2026-10-13 01:30:00,38.07,15.59,0
2026-10-13 02:00:00,38.04,13.25,0
2026-10-13 02:30:00,37.75,14.22,0
2026-10-13 03:00:00,37.55,12.58,0
2026-10-13 03:30:00,37.27,14.52,0
2026-10-13 04:00:00,37.13,14.19,0
2026-10-13 04:30:00,37.2,15.74,0
2026-10-13 05:00:00,36.84,17.19,0
2026-10-13 05:30:00,36.72,15.83,0
2026-10-13 06:00:00,36.6,16.23,0
2026-10-13 06:30:00,36.3,16.37,0
2026-10-13 07:00:00,36.1,18.1,0
2026-10-13 07:30:00,35.68,19.86,0
2026-10-13 08:00:00,35.68,19.05,0
2026-10-13 08:30:00,35.68,19.68,0
2026-10-13 09:00:00,35.68,20.49,0
2026-10-13 09:30:00,35.68,22.26,0
2026-10-13 10:00:00,35.68,23.83,0
2026-10-13 10:30:00,35.68,23.63,0
2026-10-13 11:00:00,35.68,24.02,0
2026-10-13 11:30:00,35.68,25.04,0
2026-10-13 12:00:00,35.68,25.63,0
2026-10-13 12:30:00,35.68,27.26,0
2026-10-13 13:00:00,35.68,27.24,0
2026-10-13 13:30:00,35.68,28.25,1
2026-10-13 14:00:00,35.68,29.2,0
2026-10-13 14:30:00,35.68,29.5,0
2026-10-13 15:00:00,35.68,27.44,0
2026-10-13 15:30:00,35.68,28.23,0
2026-10-13 16:00:00,35.68,27.74,0
2026-10-13 16:30:00,35.68,27.23,0
2026-10-13 17:00:00,35.68,26.38,0
2026-10-13 17:30:00,35.68,28.44,0
2026-10-13 18:00:00,63.52,25.44,0
2026-10-13 18:30:00,63.26,24.42,0
2026-10-13 19:00:00,62.21,23.69,0
2026-10-13 19:30:00,61.87,22.51,0
2026-10-13 20:00:00,61.36,22.15,0
2026-10-13 20:30:00,60.86,22.23,0
2026-10-13 21:00:00,60.38,21.04,0
2026-10-13 21:30:00,60.15,19.07,0
2026-10-13 22:00:00,59.96,20.39,0
2026-10-13 22:30:00,59.63,17.8,0
2026-10-13 23:00:00,59.56,16.95,0
2026-10-13 23:30:00,59.25,15.72,0
2026-10-14 00:00:00,59.2,15.64,0
2026-10-14 00:30:00,58.77,16.0,0
2026-10-14 01:00:00,58.41,15.44,0
2026-10-14 01:30:00,58.02,14.19,0
2026-10-14 02:00:00,58.0,15.78,0
2026-10-14 02:30:00,57.88,14.8,0
2026-10-14 03:00:00,57.68,14.44,0
2026-10-14 03:30:00,57.52,14.02,0
2026-10-14 04:00:00,57.59,12.06,0
2026-10-14 04:30:00,57.33,15.0,0
2026-10-14 05:00:00,57.06,14.93,0
2026-10-14 05:30:00,56.93,16.63,0
2026-10-14 06:00:00,56.74,17.07,0
2026-10-14 06:30:00,56.36,16.72,0
2026-10-14 07:00:00,56.04,17.17,0
2026-10-14 07:30:00,55.93,18.96,0
2026-10-14 08:00:00,55.39,21.39,0
2026-10-14 08:30:00,54.97,20.27,0
2026-10-14 09:00:00,54.63,19.92,0
2026-10-14 09:30:00,53.98,22.08,0
2026-10-14 10:00:00,53.41,22.76,0
2026-10-14 10:30:00,52.95,24.0,0
2026-10-14 11:00:00,52.21,23.89,0
2026-10-14 11:30:00,51.35,25.07,0
2026-10-14 12:00:00,50.85,26.16,0
2026-10-14 12:30:00,50.52,25.51,0
2026-10-14 13:00:00,50.05,27.98,0
2026-10-14 13:30:00,49.32,28.67,0
2026-10-14 14:00:00,48.34,27.36,0
2026-10-14 14:30:00,47.53,27.19,0
2026-10-14 15:00:00,46.67,28.31,0
2026-10-14 15:30:00,45.85,29.53,0
2026-10-14 16:00:00,45.4,26.61,0
2026-10-14 16:30:00,44.63,27.1,0
2026-10-14 17:00:00,44.06,27.14,0
2026-10-14 17:30:00,43.51,26.65,0
2026-10-14 18:00:00,42.9,25.85,0
2026-10-14 18:30:00,42.16,25.8,0
2026-10-14 19:00:00,41.4,25.13,0
2026-10-14 19:30:00,40.92,23.95,0
2026-10-14 20:00:00,40.42,24.48,0
2026-10-14 20:30:00,39.82,21.47,0
2026-10-14 21:00:00,39.42,19.71,0
2026-10-14 21:30:00,39.3,19.32,0
2026-10-14 22:00:00,38.77,19.94,0
2026-10-14 22:30:00,38.5,19.62,0
2026-10-14 23:00:00,38.33,17.68,0
2026-10-14 23:30:00,37.9,16.7,0
2026-10-15 00:00:00,37.61,16.24,0
2026-10-15 00:30:00,37.47,14.87,0
2026-10-15 01:00:00,37.28,14.53,0
2026-10-15 01:30:00,37.03,13.84,0
2026-10-15 02:00:00,36.9,15.27,0
2026-10-15 02:30:00,36.6,14.82,0
2026-10-15 03:00:00,36.33,14.16,0
2026-10-15 03:30:00,36.14,12.42,0
2026-10-15 04:00:00,35.92,13.15,0
2026-10-15 04:30:00,35.63,14.29,0
2026-10-15 05:00:00,35.41,15.39,0
2026-10-15 05:30:00,35.25,14.39,0
2026-10-15 06:00:00,35.18,15.72,0
2026-10-15 06:30:00,34.7,17.88,0
2026-10-15 07:00:00,34.26,18.31,0
2026-10-15 07:30:00,33.73,19.59,0
2026-10-15 08:00:00,33.48,19.77,0
2026-10-15 08:30:00,32.98,21.44,0
2026-10-15 09:00:00,32.63,20.81,0
2026-10-15 09:30:00,32.08,22.52,0
2026-10-15 10:00:00,31.36,24.07,0
2026-10-15 10:30:00,30.86,23.76,0
2026-10-15 11:00:00,30.02,23.78,0
2026-10-15 11:30:00,74.94,24.7,1
2026-10-15 12:00:00,74.33,26.36,0
2026-10-15 12:30:00,73.75,26.93,0
2026-10-15 13:00:00,73.15,26.88,0
2026-10-15 13:30:00,72.55,29.09,0
2026-10-15 14:00:00,71.71,28.45,0
2026-10-15 14:30:00,71.03,27.29,0
2026-10-15 15:00:00,70.34,28.76,0
2026-10-15 15:30:00,69.6,28.51,0
2026-10-15 16:00:00,69.24,27.98,0
2026-10-15 16:30:00,68.37,25.71,0
2026-10-15 17:00:00,67.93,26.92,0
2026-10-15 17:30:00,67.41,28.02,0
2026-10-15 18:00:00,66.77,25.02,0
2026-10-15 18:30:00,66.16,24.19,0
2026-10-15 19:00:00,65.62,25.02,0
2026-10-15 19:30:00,65.27,23.7,0
2026-10-15 20:00:00,64.61,22.4,0
2026-10-15 20:30:00,64.17,21.67,0
2026-10-15 21:00:00,63.78,21.21,0
2026-10-15 21:30:00,63.4,21.03,0
2026-10-15 22:00:00,63.02,19.47,0
2026-10-15 22:30:00,62.62,17.91,0
2026-10-15 23:00:00,62.23,18.08,0
2026-10-15 23:30:00,61.87,17.71,0
